date,Pt_plus,Pt_minus,Dt
2021-01-01,0.9321936042826258,0.06780639571737428,0.8643872085652514
2021-01-02,0.7423502462449723,0.2576497537550278,0.48470049248994435
2021-01-03,0.8459369933221338,0.15406300667786615,0.6918739866442676
2021-01-04,0.6508943519094001,0.3491056480905999,0.3017887038188003
2021-01-05,0.3567999594646541,0.6432000405353459,-0.2864000810706917
2021-01-06,0.5187803642115352,0.48121963578846483,0.03756072842307041
2021-01-07,0.24679723514569463,0.7532027648543054,-0.5064055297086107
2021-01-08,0.47194234165728516,0.5280576583427149,-0.056115316685429684
2021-01-09,0.6657795570297429,0.3342204429702571,0.33155911405948574
2021-01-10,0.016087017762627887,0.9839129822373721,-0.9678259644747442
2021-01-11,0.17119194965343085,0.8288080503465691,-0.6576161006931383
2021-01-12,0.9845041672277031,0.015495832772296958,0.9690083344554061
2021-01-13,0.485925545067391,0.514074454932609,-0.028148909865218046
2021-01-14,0.7510490539483917,0.2489509460516083,0.5020981078967834
2021-01-15,0.9607630522566476,0.0392369477433523,0.9215261045132953
2021-01-17,0.930937462328213,0.06906253767178709,0.8618749246564259
2021-01-18,0.4491541196797694,0.5508458803202305,-0.10169176064046118
2021-01-19,0.7007699873717383,0.29923001262826165,0.4015399747434768
2021-01-20,0.9314871695700416,0.0685128304299585,0.862974339140083
2021-01-21,0.8039222896823213,0.19607771031767868,0.6078445793646425
2021-01-22,0.32291595025295217,0.6770840497470478,-0.35416809949409567
2021-01-23,0.20721619479843148,0.7927838052015685,-0.5855676104031371
2021-01-24,0.31738049299968196,0.682619507000318,-0.3652390140006361
2021-01-25,0.36844300337441305,0.631556996625587,-0.2631139932511739
2021-01-27,0.467447013415935,0.532552986584065,-0.06510597316813005
2021-01-28,0.33529697112176776,0.6647030288782322,-0.32940605775646453
2021-01-29,0.009975580847399405,0.9900244191526006,-0.9800488383052013
2021-02-01,0.9568615892998118,0.043138410700188236,0.9137231785996235
2021-02-02,0.7779793713853594,0.22202062861464067,0.5559587427707187
2021-02-03,0.7729725390856552,0.22702746091434473,0.5459450781713105
2021-02-04,0.8604808511148985,0.13951914888510156,0.7209617022297969
2021-02-05,0.9776903666590415,0.022309633340958528,0.9553807333180829
2021-02-07,0.9518277269531223,0.048172273046877594,0.9036554539062447
2021-02-08,0.6206111134952326,0.3793888865047675,0.24122222699046506
2021-02-09,0.6357221319571453,0.36427786804285467,0.2714442639142907
2021-02-10,0.9590595914551415,0.04094040854485854,0.9181191829102829
2021-02-11,0.5379285890177178,0.4620714109822822,0.07585717803543546
2021-02-12,0.47497429936543756,0.5250257006345624,-0.05005140126912496
2021-02-13,0.9314538562149415,0.06854614378505852,0.862907712429883
2021-02-14,0.007249213641750499,0.9927507863582495,-0.9855015727164991
2021-02-15,0.6569539659659398,0.34304603403406014,0.3139079319318797
2021-02-16,0.9369904420194857,0.06300955798051434,0.8739808840389713
2021-02-17,0.6323455389619065,0.3676544610380934,0.26469107792381313
2021-02-18,0.7258533720236987,0.27414662797630135,0.45170674404739736
2021-02-19,0.9618005465783089,0.038199453421691065,0.9236010931566179
2021-02-20,0.9823653512184961,0.017634648781503882,0.9647307024369923
2021-02-22,0.2087860350420702,0.7912139649579298,-0.5824279299158596
2021-02-23,0.2637459651402246,0.7362540348597755,-0.47250806971955084
2021-02-24,0.02564364652603836,0.9743563534739617,-0.9487127069479233
2021-02-26,0.8863507070515264,0.11364929294847366,0.7727014141030528
2021-02-27,0.6445193157791032,0.35548068422089685,0.2890386315582063
2021-02-28,0.02143398008301746,0.9785660199169826,-0.9571320398339651
2021-03-01,0.9837578157340385,0.016242184265961447,0.9675156314680772
2021-03-02,0.24840315588465764,0.7515968441153423,-0.5031936882306847
2021-03-03,0.8555625174856817,0.1444374825143183,0.7111250349713634
2021-03-04,0.3424380115007607,0.6575619884992393,-0.3151239769984786
2021-03-05,0.06294480002674373,0.9370551999732563,-0.8741103999465126
2021-03-06,0.01708249206044865,0.9829175079395513,-0.9658350158791027
2021-03-08,0.7453036971086413,0.25469630289135864,0.4906073942172827
2021-03-09,0.3876869212185164,0.6123130787814837,-0.22462615756296717
2021-03-10,0.6470180040811747,0.35298199591882534,0.29403600816234937
2021-03-11,0.06531250007457166,0.9346874999254283,-0.8693749998508566
2021-03-12,0.014022528021605097,0.9859774719783949,-0.9719549439567898
2021-03-16,0.9229281438424582,0.07707185615754175,0.8458562876849166
2021-03-17,0.9258197573500755,0.07418024264992451,0.8516395147001509
2021-03-18,0.6452345463338705,0.35476545366612955,0.290469092667741
2021-03-19,0.8272568067479489,0.17274319325205117,0.6545136134958977
2021-03-20,0.9798670305373622,0.02013296946263772,0.9597340610747246
2021-03-21,0.04154087070260293,0.9584591292973971,-0.9169182585947941
2021-03-22,0.9865907348603316,0.013409265139668513,0.973181469720663
2021-03-23,0.950767637323526,0.04923236267647394,0.9015352746470521
2021-03-24,0.2458444340983726,0.7541555659016275,-0.5083111318032548
2021-03-25,0.578143398667218,0.4218566013327819,0.15628679733443607
2021-03-26,0.0700437735918421,0.9299562264081579,-0.8599124528163158
2021-03-28,0.9356400281559003,0.0643599718440997,0.8712800563118006
2021-03-31,0.5969485340458458,0.4030514659541542,0.19389706809169155
2021-04-01,0.947368199884885,0.05263180011511505,0.8947363997697699
2021-04-02,0.774903005097797,0.225096994902203,0.5498060101955939
2021-04-05,0.8431193194970611,0.1568806805029389,0.6862386389941222
2021-04-06,0.8191636163681004,0.18083638363189955,0.6383272327362008
2021-04-07,0.6591621548237908,0.34083784517620913,0.3183243096475817
2021-04-09,0.008062880318312024,0.991937119681688,-0.9838742393633759
2021-04-11,0.9767688167823899,0.023231183217610127,0.9535376335647798
2021-04-12,0.009610795355474096,0.990389204644526,-0.9807784092890519
2021-04-13,0.9628520026027712,0.03714799739722881,0.9257040052055424
2021-04-15,0.9666797840442601,0.033320215955739835,0.9333595680885203
2021-04-17,0.9913163825028575,0.0086836174971425,0.982632765005715
2021-04-20,0.8667737717002527,0.13322622829974726,0.7335475434005054
2021-04-21,0.984970958494509,0.015029041505490962,0.969941916989018
2021-04-22,0.9703841877266766,0.029615812273323477,0.9407683754533531
2021-04-23,0.2281310438481816,0.7718689561518185,-0.5437379123036369
2021-04-24,0.6651843487232934,0.33481565127670665,0.33036869744658676
2021-04-25,0.9808085214304822,0.01919147856951774,0.9616170428609645
2021-04-27,0.8990536542479723,0.1009463457520277,0.7981073084959447
2021-04-28,0.0899774376706554,0.9100225623293446,-0.8200451246586893
2021-04-30,0.953816556356087,0.046183443643913004,0.9076331127121741
2021-05-01,0.2992230269537987,0.7007769730462013,-0.4015539460924026
2021-05-02,0.015261092876665798,0.9847389071233342,-0.9694778142466685
2021-05-03,0.01751998523791118,0.9824800147620888,-0.9649600295241776
2021-05-05,0.8697170907346592,0.13028290926534078,0.7394341814693184
2021-05-06,0.7197234949943824,0.28027650500561757,0.4394469899887648
2021-05-07,0.9395506148449019,0.060449385155098165,0.8791012296898038
2021-05-08,0.0223982403491151,0.9776017596508849,-0.9552035193017698
2021-05-09,0.965274626187896,0.0347253738121041,0.9305492523757919
2021-05-10,0.7092080873834191,0.2907919126165809,0.41841617476683823
2021-05-11,0.42288537438702645,0.5771146256129736,-0.1542292512259471
2021-05-13,0.8576555237370421,0.14234447626295776,0.7153110474740845
2021-05-14,0.5553493772419492,0.44465062275805073,0.1106987544838985
2021-05-16,0.988536266552815,0.01146373344718494,0.97707253310563
2021-05-17,0.38924644497505245,0.6107535550249474,-0.22150711004989504
2021-05-18,0.44017358057591727,0.5598264194240826,-0.1196528388481654
2021-05-19,0.7663412470919142,0.23365875290808588,0.5326824941838283
2021-05-21,0.9062387658903566,0.0937612341096434,0.8124775317807131
2021-05-24,0.9285192037981982,0.07148079620180182,0.8570384075963964
2021-05-26,0.9102115639678001,0.08978843603219984,0.8204231279356003
2021-05-27,0.9678303507953834,0.0321696492046166,0.9356607015907668
2021-05-31,0.6599401319858027,0.3400598680141972,0.31988026397160557
2021-06-01,0.6699830978726214,0.33001690212737855,0.3399661957452429
2021-06-02,0.5039968231787151,0.496003176821285,0.007993646357430084
2021-06-03,0.47480366032903976,0.5251963396709602,-0.05039267934192044
2021-06-04,0.3613970150420007,0.6386029849579993,-0.2772059699159986
2021-06-05,0.9877023925743117,0.012297607425688304,0.9754047851486234
2021-06-06,0.9300533511152898,0.06994664888471021,0.8601067022305795
2021-06-07,0.5798401901633533,0.42015980983664664,0.15968038032670664
2021-06-08,0.9234202300905451,0.07657976990945493,0.8468404601810902
2021-06-09,0.5023966086375277,0.49760339136247234,0.004793217275055328
2021-06-10,0.8010968477380086,0.1989031522619915,0.602193695476017
2021-06-11,0.015359543209329474,0.9846404567906705,-0.9692809135813409
2021-06-13,0.9380324693223198,0.06196753067768027,0.8760649386446394
2021-06-15,0.008865965336740953,0.991134034663259,-0.982268069326518
2021-06-16,0.18051462899623075,0.8194853710037693,-0.6389707420075385
2021-06-17,0.00841743410667898,0.991582565893321,-0.9831651317866421
2021-06-18,0.36744155712320503,0.632558442876795,-0.26511688575358994
2021-06-20,0.9827215101944147,0.01727848980558536,0.9654430203888293
2021-06-21,0.07611137086045013,0.9238886291395498,-0.8477772582790997
2021-06-24,0.7237270933659953,0.2762729066340048,0.4474541867319905
2021-06-25,0.4034735014912696,0.5965264985087304,-0.19305299701746081
2021-06-27,0.1020055422169315,0.8979944577830685,-0.795988915566137
2021-06-29,0.9130932253442758,0.08690677465572419,0.8261864506885516
2021-07-02,0.9858271136826051,0.014172886317394832,0.9716542273652102
2021-07-03,0.8614798951109846,0.13852010488901542,0.7229597902219691
2021-07-06,0.4809090681333279,0.5190909318666721,-0.0381818637333442
2021-07-09,0.4964991930102534,0.5035008069897465,-0.007001613979493115
2021-07-11,0.380929347247478,0.6190706527525219,-0.23814130550504392
2021-07-12,0.7876226394681081,0.21237736053189193,0.5752452789362161
2021-07-13,0.34574434576716584,0.6542556542328342,-0.30851130846566827
2021-07-14,0.801027427033545,0.19897257296645496,0.60205485406709
2021-07-15,0.9532850430813898,0.046714956918610155,0.9065700861627798
2021-07-16,0.6853147019708509,0.31468529802914913,0.3706294039417017
2021-07-17,0.9901928884844503,0.009807111515549737,0.9803857769689006
2021-07-18,0.6918656784708953,0.3081343215291048,0.3837313569417904
2021-07-20,0.3966708600502379,0.6033291399497622,-0.20665827989952434
2021-07-22,0.05586856352664663,0.9441314364733534,-0.8882628729467068
2021-07-23,0.6490973114846402,0.3509026885153597,0.2981946229692805
2021-07-24,0.6743889718956657,0.3256110281043343,0.3487779437913314
2021-07-25,0.5225110459636344,0.4774889540363656,0.04502209192726875
2021-07-26,0.6668077094097454,0.3331922905902546,0.3336154188194907
2021-07-27,0.7110716664346459,0.28892833356535413,0.42214333286929173
2021-07-28,0.9601712268542086,0.03982877314579139,0.9203424537084173
2021-07-29,0.9888360369432581,0.011163963056741878,0.9776720738865162
2021-07-30,0.7717596473525274,0.22824035264747244,0.543519294705055
2021-08-02,0.9877573981560285,0.01224260184397153,0.975514796312057
2021-08-03,0.6134700028069049,0.38652999719309517,0.22694000561380967
2021-08-04,0.9571645785561896,0.04283542144381039,0.9143291571123793
2021-08-05,0.34129954715431243,0.6587004528456876,-0.31740090569137513
2021-08-06,0.5351984855302105,0.4648015144697895,0.07039697106042103
2021-08-08,0.9818899007571764,0.018110099242823637,0.9637798015143528
2021-08-09,0.5204792967351252,0.4795207032648748,0.04095859347025044
2021-08-10,0.5497965214305849,0.45020347856941517,0.09959304286116966
2021-08-11,0.9856982578188553,0.014301742181144647,0.9713965156377107
2021-08-12,0.7342019704778356,0.2657980295221644,0.46840394095567117
2021-08-13,0.802109906138677,0.19789009386132292,0.6042198122773541
2021-08-15,0.6516812003465503,0.34831879965344975,0.30336240069310055
2021-08-17,0.9885745110999149,0.011425488900085132,0.9771490221998298
2021-08-18,0.9031806280631696,0.09681937193683048,0.806361256126339
2021-08-23,0.009533235891475037,0.990466764108525,-0.9809335282170499
2021-08-24,0.007656152355517052,0.9923438476444829,-0.9846876952889658
2021-08-25,0.9792552834547055,0.02074471654529448,0.9585105669094109
2021-08-27,0.09354731371063149,0.9064526862893685,-0.812905372578737
2021-08-31,0.9787450285018867,0.021254971498113284,0.9574900570037734
2021-09-01,0.9822932065047625,0.017706793495237565,0.964586413009525
2021-09-02,0.04280875237418021,0.9571912476258198,-0.9143824952516395
2021-09-03,0.27182027057320846,0.7281797294267915,-0.4563594588535831
2021-09-06,0.9821857349922392,0.017814265007760878,0.9643714699844783
2021-09-07,0.7879621152307992,0.21203788476920082,0.5759242304615984
2021-09-08,0.5118826810485464,0.4881173189514536,0.023765362097092735
2021-09-09,0.9686289552551803,0.03137104474481965,0.9372579105103608
2021-09-10,0.01765598039750417,0.9823440196024958,-0.9646880392049917
2021-09-12,0.26340168779596423,0.7365983122040357,-0.4731966244080715
2021-09-13,0.9664837996535074,0.03351620034649256,0.9329675993070149
2021-09-14,0.7666149678806061,0.2333850321193939,0.5332299357612122
2021-09-15,0.5070792507559073,0.4929207492440927,0.014158501511814636
2021-09-16,0.8091755848076603,0.19082441519233972,0.6183511696153206
2021-09-17,0.8925576945854342,0.10744230541456576,0.7851153891708684
2021-09-20,0.899388456154829,0.10061154384517096,0.7987769123096581
2021-09-21,0.8658635578665012,0.13413644213349893,0.7317271157330022
2021-09-22,0.7423923586834842,0.25760764131651587,0.48478471736696827
2021-09-23,0.7312767323439583,0.2687232676560417,0.46255346468791664
2021-09-24,0.5533954027411646,0.44660459725883545,0.10679080548232918
2021-09-27,0.9366346276447648,0.06336537235523523,0.8732692552895296
2021-09-29,0.9703343545693847,0.029665645430615326,0.9406687091387693
2021-09-30,0.9825555132721437,0.0174444867278563,0.9651110265442874
2021-10-01,0.9879605335422424,0.012039466457757506,0.9759210670844849
2021-10-04,0.9811698119497418,0.018830188050258188,0.9623396238994837
2021-10-06,0.8719480247101428,0.12805197528985718,0.7438960494202856
2021-10-07,0.7556513991416006,0.24434860085839935,0.5113027982832014
2021-10-09,0.7622399600835842,0.23776003991641578,0.5244799201671684
2021-10-10,0.8244501378809095,0.17554986211909054,0.648900275761819
2021-10-11,0.9694135371526835,0.03058646284731653,0.9388270743053669
2021-10-12,0.49358533686278955,0.5064146631372105,-0.012829326274420952
2021-10-13,0.3510876619388228,0.6489123380611772,-0.2978246761223544
2021-10-14,0.8939812327724858,0.10601876722751426,0.7879624655449714
2021-10-17,0.7459286193376462,0.25407138066235385,0.4918572386752923
2021-10-18,0.9571970901758974,0.0428029098241026,0.9143941803517948
2021-10-19,0.3000200760334783,0.6999799239665218,-0.39995984793304346
2021-10-20,0.5121564504203242,0.4878435495796758,0.024312900840648365
2021-10-21,0.948960163515401,0.051039836484599026,0.897920327030802
2021-10-22,0.35033802926243934,0.6496619707375607,-0.2993239414751213
2021-10-23,0.6004792891511339,0.3995207108488661,0.20095857830226782
2021-10-24,0.15730805528133415,0.8426919447186658,-0.6853838894373316
2021-10-25,0.010870969695279807,0.9891290303047202,-0.9782580606094404
2021-10-26,0.9646115359279687,0.03538846407203134,0.9292230718559373
2021-10-27,0.78199878310088,0.21800121689911997,0.56399756620176
2021-10-28,0.5924583539502488,0.4075416460497512,0.18491670790049752
2021-10-29,0.5726770660299034,0.4273229339700966,0.14535413205980688
2021-11-02,0.9490276077329984,0.050972392267001544,0.8980552154659969
2021-11-03,0.007317030020855176,0.9926829699791448,-0.9853659399582897
2021-11-04,0.9395100178198585,0.060489982180141455,0.8790200356397172
2021-11-05,0.33782860266114206,0.662171397338858,-0.32434279467771593
2021-11-08,0.7577330485027993,0.24226695149720065,0.5154660970055986
2021-11-09,0.9699596059793882,0.030040394020611746,0.9399192119587765
2021-11-10,0.633103195332105,0.36689680466789504,0.2662063906642099
2021-11-11,0.9907054332511567,0.009294566748843292,0.9814108665023134
2021-11-13,0.9823886072241598,0.017611392775840187,0.9647772144483195
2021-11-14,0.018907686357981162,0.9810923136420189,-0.9621846272840378
2021-11-15,0.5977797247670676,0.4022202752329324,0.1955594495341352
2021-11-16,0.9548170296696825,0.045182970330317485,0.909634059339365
2021-11-17,0.7192460640317994,0.28075393596820064,0.43849212806359866
2021-11-18,0.8576845371656713,0.1423154628343287,0.7153690743313426
2021-11-19,0.07313795066827017,0.9268620493317298,-0.8537240986634596
2021-11-21,0.86623399371056,0.13376600628944,0.7324679874211201
2021-11-22,0.9270703141219455,0.0729296858780544,0.8541406282438911
2021-11-24,0.4444638248604093,0.5555361751395906,-0.11107235027918139
2021-11-25,0.6961278245586249,0.30387217544137507,0.39225564911724986
2021-11-26,0.8844067344289921,0.11559326557100798,0.7688134688579841
2021-11-27,0.9599213725907815,0.04007862740921848,0.919842745181563
2021-11-29,0.3602453477627999,0.6397546522372001,-0.27950930447440026
2021-12-01,0.8807274257686538,0.11927257423134621,0.7614548515373076
2021-12-03,0.6270607293753879,0.372939270624612,0.2541214587507759
2021-12-06,0.8363171654398003,0.16368283456019972,0.6726343308796005
2021-12-07,0.8494338465012772,0.15056615349872288,0.6988676930025544
2021-12-08,0.020963584336380892,0.9790364156636191,-0.9580728313272382
2021-12-09,0.8072607320556118,0.19273926794438823,0.6145214641112235
2021-12-10,0.6526633051546034,0.34733669484539664,0.30532661030920666
2021-12-11,0.3424303641427511,0.6575696358572489,-0.31513927171449785
2021-12-13,0.9394940302321748,0.06050596976782519,0.8789880604643496
2021-12-14,0.5325213956179331,0.46747860438206695,0.06504279123586615
2021-12-15,0.626892841753286,0.37310715824671403,0.25378568350657194
2021-12-16,0.6901695007330877,0.30983049926691225,0.38033900146617544
2021-12-17,0.9524413542110022,0.04755864578899786,0.9048827084220042
2021-12-18,0.9354062044241009,0.06459379557589912,0.8708124088482019
2021-12-19,0.7849554835197339,0.21504451648026615,0.5699109670394676
2021-12-20,0.6115078442949066,0.3884921557050934,0.22301568858981327
2021-12-21,0.8143793358117861,0.18562066418821388,0.6287586716235722
2021-12-22,0.6865523249241866,0.31344767507581345,0.37310464984837316
2021-12-23,0.6416971958460903,0.3583028041539097,0.2833943916921806
2021-12-24,0.981496437191531,0.018503562808468956,0.962992874383062
2021-12-25,0.7604269848001094,0.23957301519989066,0.5208539696002188
2021-12-27,0.9778384910936406,0.022161508906359404,0.9556769821872813
2021-12-28,0.9737354230436269,0.026264576956372975,0.9474708460872541
2021-12-29,0.5982269583864652,0.4017730416135347,0.19645391677293056
2021-12-30,0.6122866249328188,0.38771337506718107,0.22457324986563784
2021-12-31,0.4712903394902116,0.5287096605097884,-0.05741932101957681
2022-01-04,0.6388844001822486,0.3611155998177515,0.27776880036449714
2022-01-05,0.6613045278830648,0.33869547211693507,0.3226090557661298
2022-01-06,0.4658768148728333,0.5341231851271667,-0.06824637025433344
2022-01-07,0.5705123690851983,0.4294876309148017,0.14102473817039654
2022-01-08,0.01329684603829672,0.9867031539617033,-0.9734063079234065
2022-01-09,0.3668610519498672,0.6331389480501328,-0.2662778961002656
2022-01-10,0.9055110467018641,0.09448895329813589,0.8110220934037283
2022-01-11,0.879669345761993,0.12033065423800701,0.7593386915239859
2022-01-12,0.9011581784640919,0.09884182153590819,0.8023163569281837
2022-01-13,0.35350460433675135,0.6464953956632487,-0.2929907913264973
2022-01-14,0.02612141606466558,0.9738785839353344,-0.9477571678706689
2022-01-16,0.017260638347421125,0.9827393616525789,-0.9654787233051577
2022-01-17,0.9718927192241632,0.028107280775836758,0.9437854384483264
2022-01-18,0.9761605997591409,0.023839400240859024,0.952321199518282
2022-01-19,0.8731388652597927,0.1268611347402074,0.7462777305195852
2022-01-20,0.10242095463415071,0.8975790453658493,-0.7951580907316986
2022-01-21,0.2530245970852748,0.7469754029147252,-0.4939508058294504
2022-01-22,0.485958885850596,0.514041114149404,-0.02808222829880802
2022-01-24,0.2420579410759293,0.7579420589240707,-0.5158841178481415
2022-01-26,0.03604679948394102,0.9639532005160589,-0.9279064010321179
2022-01-28,0.5817925466075997,0.4182074533924003,0.16358509321519943
2022-01-31,0.9423458167212163,0.057654183278783744,0.8846916334424326
2022-02-01,0.742842162146107,0.25715783785389307,0.4856843242922139
2022-02-02,0.9562477984015404,0.04375220159845961,0.9124955968030807
2022-02-03,0.7175127741349434,0.28248722586505653,0.435025548269887
2022-02-04,0.7651413576796878,0.23485864232031217,0.5302827153593757
2022-02-06,0.7792525945613353,0.2207474054386647,0.5585051891226707
2022-02-07,0.4934144487166945,0.5065855512833055,-0.013171102566611026
2022-02-08,0.9884491648303327,0.011550835169667307,0.9768983296606655
2022-02-09,0.6605249143089021,0.3394750856910979,0.32104982861780423
2022-02-10,0.5005247340315386,0.4994752659684614,0.0010494680630771525
2022-02-14,0.4876926705728365,0.5123073294271635,-0.02461465885432701
2022-02-15,0.9538228032196052,0.046177196780394725,0.9076456064392106
2022-02-16,0.9800500658072759,0.019949934192724086,0.9601001316145519
2022-02-17,0.891425868111315,0.10857413188868505,0.7828517362226298
2022-02-18,0.623976828880486,0.376023171119514,0.247953657760972
2022-02-19,0.5018639527016403,0.49813604729835964,0.003727905403280718
2022-02-21,0.5377211179074499,0.4622788820925501,0.07544223581489984
2022-02-22,0.009224179790991015,0.990775820209009,-0.981551640418018
2022-02-23,0.7929439697515931,0.2070560302484069,0.5858879395031862
2022-02-26,0.9752222030545837,0.02477779694541628,0.9504444061091675
2022-03-02,0.9643340211454046,0.0356659788545954,0.9286680422908091
2022-03-03,0.6329525399756188,0.3670474600243812,0.26590507995123763
2022-03-04,0.837006112660658,0.16299388733934195,0.6740122253213161
2022-03-07,0.8961828765873056,0.1038171234126944,0.7923657531746111
2022-03-08,0.8104733511064326,0.18952664889356743,0.6209467022128652
2022-03-10,,,
2022-03-11,0.6367621634818356,0.3632378365181645,0.2735243269636711
2022-03-14,0.6831299259600782,0.3168700740399218,0.3662598519201565
2022-03-16,0.6609397415563977,0.33906025844360227,0.3218794831127954
2022-03-17,0.5788589430707962,0.4211410569292037,0.15771788614159254
2022-03-21,0.41709184176553665,0.5829081582344633,-0.16581631646892664
2022-03-22,0.9630770516290276,0.036922948370972423,0.9261541032580553
2022-03-23,0.9038354361979367,0.09616456380206322,0.8076708723958735
2022-03-24,0.9804884749321277,0.01951152506787231,0.9609769498642553
2022-03-26,0.26020341790158824,0.7397965820984117,-0.47959316419682346
2022-03-28,0.9322995023337923,0.0677004976662077,0.8645990046675847
2022-03-29,0.5623202888189412,0.4376797111810588,0.12464057763788233
2022-03-30,0.668503793055647,0.33149620694435294,0.337007586111294
2022-03-31,0.9501155535294146,0.049884446470585486,0.900231107058829
2022-04-01,0.8328939564745882,0.1671060435254118,0.6657879129491764
2022-04-02,0.2592264077856681,0.7407735922143319,-0.48154718442866384
2022-04-06,0.9858493403985169,0.014150659601483073,0.9716986807970338
2022-04-08,0.9629627601894625,0.037037239810537616,0.9259255203789247
2022-04-09,0.47425687921968085,0.5257431207803192,-0.0514862415606383
2022-04-11,0.9599399821026918,0.04006001789730824,0.9198799642053835
2022-04-12,0.9620691309146119,0.037930869085388105,0.9241382618292239
2022-04-13,0.7820388298161087,0.21796117018389127,0.5640776596322175
2022-04-15,0.9861013532558907,0.013898646744109303,0.9722027065117813
2022-04-16,0.5807781127745931,0.4192218872254069,0.16155622554918625
2022-04-18,0.6711747549632858,0.32882524503671423,0.3423495099265716
2022-04-19,0.3622705830846798,0.6377294169153203,-0.2754588338306404
2022-04-20,0.7405269955583094,0.2594730044416906,0.48105399111661884
2022-04-21,0.8085126661658623,0.1914873338341377,0.6170253323317245
2022-04-22,0.8975453064448493,0.10245469355515066,0.7950906128896986
2022-04-23,0.9890837277849033,0.01091627221509672,0.9781674555698066
2022-04-25,0.23400762259500166,0.7659923774049984,-0.5319847548099966
2022-04-26,0.736767731802851,0.263232268197149,0.4735354636057021
2022-04-27,0.29736178253271295,0.702638217467287,-0.4052764349345741
2022-04-28,0.9702902932614393,0.029709706738560677,0.9405805865228786
2022-04-29,0.9074152166476306,0.09258478335236944,0.8148304332952612
2022-05-02,0.6683360212856487,0.33166397871435127,0.3366720425712974
2022-05-03,0.8111824925257566,0.18881750747424347,0.6223649850515132
2022-05-04,0.9678042941334261,0.03219570586657394,0.9356085882668521
2022-05-05,0.8295208212993872,0.17047917870061277,0.6590416425987745
2022-05-06,0.27326705209072893,0.726732947909271,-0.45346589581854213
2022-05-07,0.9674791153243342,0.032520884675665815,0.9349582306486683
2022-05-08,0.5271962424322312,0.47280375756776877,0.054392484864462465
2022-05-09,0.647350119385925,0.35264988061407493,0.2947002387718501
2022-05-10,0.4481105509717574,0.5518894490282426,-0.10377889805648512
2022-05-11,0.3522789312292027,0.6477210687707973,-0.29544213754159465
2022-05-12,0.4988950522271595,0.5011049477728405,-0.002209895545680962
2022-05-15,0.6478031520929812,0.3521968479070187,0.2956063041859625
2022-05-17,0.8879372836892298,0.11206271631077018,0.7758745673784596
2022-05-18,0.7739056163682161,0.226094383631784,0.5478112327364321
2022-05-19,0.7523146255424215,0.24768537445757854,0.5046292510848429
2022-05-20,0.8496523822644431,0.15034761773555688,0.6993047645288861
2022-05-22,0.6695581281290767,0.3304418718709234,0.3391162562581532
2022-05-23,0.6109152775715573,0.3890847224284427,0.22183055514311456
2022-05-24,0.04661728717455949,0.9533827128254405,-0.906765425650881
2022-05-25,0.9704335399551152,0.029566460044884883,0.9408670799102302
2022-05-26,0.4393442264896417,0.5606557735103582,-0.12131154702071652
2022-05-27,0.9859369619117389,0.014063038088261148,0.9718739238234777
2022-05-28,0.8685963026782061,0.13140369732179405,0.7371926053564121
2022-05-29,0.9249420852046474,0.07505791479535262,0.8498841704092948
2022-05-30,0.7486895290090919,0.25131047099090814,0.4973790580181838
2022-05-31,0.8459650512417919,0.15403494875820808,0.6919301024835838
2022-06-02,0.7271849489285928,0.27281505107140724,0.4543698978571856
2022-06-03,0.9843990496353009,0.015600950364699074,0.9687980992706018
2022-06-04,0.95080163550505,0.04919836449494993,0.9016032710101001
2022-06-05,0.9693868258281892,0.030613174171810757,0.9387736516563785
2022-06-06,0.5600111835812318,0.4399888164187683,0.1200223671624635
2022-06-07,0.3839762461655498,0.6160237538344503,-0.23204750766890045
2022-06-08,0.3334168004069557,0.6665831995930442,-0.33316639918608854
2022-06-09,0.010811950025597402,0.9891880499744026,-0.9783760999488051
2022-06-13,0.9356402042465819,0.06435979575341809,0.8712804084931638
2022-06-14,0.4840138395114182,0.5159861604885818,-0.03197232097716355
2022-06-16,0.7489131624296677,0.2510868375703324,0.49782632485933526
2022-06-17,0.8900319044979663,0.10996809550203364,0.7800638089959328
2022-06-20,0.15532168525819415,0.8446783147418059,-0.6893566294836118
2022-06-21,0.932476986562086,0.0675230134379141,0.8649539731241718
2022-06-22,0.5120435535362516,0.48795644646374825,0.02408710707250342
2022-06-23,0.7959068793302972,0.20409312066970275,0.5918137586605945
2022-06-24,0.9096424195716841,0.09035758042831588,0.8192848391433681
2022-06-25,0.3835845940720312,0.6164154059279688,-0.23283081185593762
2022-06-27,0.46917323751170303,0.530826762488297,-0.06165352497659393
2022-06-28,0.5366721826889445,0.4633278173110555,0.07334436537788896
2022-06-29,0.46917323751170303,0.530826762488297,-0.06165352497659393
2022-06-30,0.9717989363173497,0.028201063682650324,0.9435978726346995
2022-07-01,0.684799184177502,0.31520081582249804,0.36959836835500404
2022-07-02,0.29940498409975913,0.7005950159002409,-0.40119003180048174
2022-07-03,0.3316691280544959,0.668330871945504,-0.3366617438910082
2022-07-04,0.4600209956071782,0.5399790043928218,-0.07995800878564363
2022-07-05,0.5217821629916849,0.47821783700831505,0.04356432598336985
2022-07-06,0.5430441083910068,0.4569558916089932,0.08608821678201362
2022-07-07,0.722197451374631,0.277802548625369,0.44439490274926186
2022-07-08,0.9776199447896936,0.022380055210306376,0.9552398895793872
2022-07-09,0.05339780854642058,0.9466021914535794,-0.8932043829071588
2022-07-11,0.9843157218290179,0.015684278170982058,0.9686314436580359
2022-07-12,0.698125599839938,0.3018744001600619,0.3962511996798762
2022-07-13,0.8950937009921581,0.10490629900784187,0.7901874019843161
2022-07-14,0.4885773936390984,0.5114226063609016,-0.022845212721803176
2022-07-18,0.732373832401157,0.267626167598843,0.464747664802314
2022-07-20,0.8244733190342133,0.1755266809657867,0.6489466380684267
2022-07-21,0.8596436986803712,0.1403563013196288,0.7192873973607424
2022-07-22,0.6751280157267997,0.32487198427320035,0.3502560314535994
2022-07-23,0.06104241049577243,0.9389575895042276,-0.8779151790084552
2022-07-27,0.9745647708887799,0.025435229111220172,0.9491295417775597
2022-07-28,0.020075961735553007,0.979924038264447,-0.9598480765288939
2022-07-29,0.9384599324590381,0.06154006754096181,0.8769198649180763
2022-08-01,0.8145903858775926,0.18540961412240733,0.6291807717551853
2022-08-02,0.7720488152219014,0.22795118477809856,0.5440976304438029
2022-08-03,0.6300469242185793,0.36995307578142067,0.2600938484371587
2022-08-05,0.463232897909826,0.536767102090174,-0.07353420418034795
2022-08-10,0.9443510261268282,0.05564897387317176,0.8887020522536565
2022-08-11,0.957742289240733,0.042257710759267,0.915484578481466
2022-08-12,0.8523132381380145,0.14768676186198554,0.704626476276029
2022-08-13,0.9902316988359691,0.009768301164030904,0.9804633976719381
2022-08-14,0.4862193464883777,0.5137806535116223,-0.027561307023244552
2022-08-17,0.9777048100113754,0.02229518998862458,0.9554096200227509
2022-08-18,0.9786454576587504,0.02135454234124953,0.9572909153175009
2022-08-19,0.02554524377455429,0.9744547562254458,-0.9489095124508915
2022-08-22,0.3674045271325742,0.6325954728674258,-0.2651909457348516
2022-08-23,0.4445287952798132,0.5554712047201867,-0.11094240944037348
2022-08-24,0.6832814901483912,0.31671850985160876,0.36656298029678247
2022-08-25,0.9428339302804821,0.057166069719517904,0.8856678605609642
2022-08-26,0.6176376004627595,0.38236239953724044,0.23527520092551907
2022-09-01,0.8337176360893453,0.16628236391065465,0.6674352721786907
2022-09-02,0.6595714320187855,0.34042856798121457,0.319142864037571
2022-09-03,0.9132340354181082,0.08676596458189177,0.8264680708362164
2022-09-05,0.8566302885527333,0.1433697114472667,0.7132605771054665
2022-09-06,0.5140324690996448,0.48596753090035516,0.02806493819928968
2022-09-07,0.9738466716631309,0.026153328336869206,0.9476933433262617
2022-09-08,0.7264956928860733,0.2735043071139267,0.45299138577214654
2022-09-09,0.5043196015939653,0.4956803984060348,0.008639203187930433
2022-09-12,0.9726924643626474,0.02730753563735254,0.9453849287252949
2022-09-14,0.9562751269863791,0.04372487301362082,0.9125502539727584
2022-09-16,0.7242716753375149,0.27572832466248515,0.4485433506750297
2022-09-17,0.9651369600772065,0.034863039922793444,0.930273920154413
2022-09-19,0.6728741879774605,0.32712581202253954,0.3457483759549209
2022-09-20,0.3711599395894675,0.6288400604105324,-0.2576801208210649
2022-09-21,0.9679257583921871,0.03207424160781297,0.9358515167843742
2022-09-22,0.7957656319977414,0.2042343680022586,0.5915312639954828
2022-09-23,0.7581121420692019,0.24188785793079812,0.5162242841384038
2022-09-24,0.3211180632409365,0.6788819367590635,-0.357763873518127
2022-09-25,0.9674870022345516,0.03251299776544838,0.9349740044691033
2022-09-26,0.2652184681797051,0.7347815318202948,-0.46956306364058975
2022-09-27,0.9832857926718745,0.0167142073281254,0.9665715853437491
2022-09-28,0.024529122001412235,0.9754708779985878,-0.9509417559971755
2022-09-29,0.7478633379884326,0.2521366620115673,0.49572667597686537
2022-09-30,0.7668167402172626,0.23318325978273738,0.5336334804345253
2022-10-01,0.9862285850282239,0.013771414971776154,0.9724571700564477
2022-10-02,0.9682942067649921,0.03170579323500793,0.9365884135299842
2022-10-03,0.022854280803564376,0.9771457191964356,-0.9542914383928712
2022-10-04,0.92994473227379,0.07005526772620994,0.8598894645475801
2022-10-05,0.9452446822380445,0.05475531776195549,0.890489364476089
2022-10-06,0.9767489912403763,0.023251008759623732,0.9534979824807526
2022-10-07,0.11549623759548658,0.8845037624045134,-0.7690075248090269
2022-10-10,0.26985097117169493,0.730149028828305,-0.4602980576566101
2022-10-12,0.9282892901244973,0.07171070987550265,0.8565785802489947
2022-10-13,0.7204744271388812,0.27952557286111884,0.44094885427776237
2022-10-14,0.9653624148528014,0.03463758514719861,0.9307248297056028
2022-10-16,0.6834807050293334,0.3165192949706666,0.36696141005866684
2022-10-17,0.5637138850930253,0.4362861149069747,0.1274277701860506
2022-10-18,0.8200334673552447,0.1799665326447553,0.6400669347104894
2022-10-19,0.8570486566703134,0.14295134332968665,0.7140973133406266
2022-10-20,0.8612780341474642,0.1387219658525358,0.7225560682949284
2022-10-21,0.7904211907920436,0.20957880920795635,0.5808423815840873
2022-10-22,0.964743362928966,0.03525663707103397,0.929486725857932
2022-10-23,0.7938303824094664,0.20616961759053373,0.5876607648189326
2022-10-24,0.9438775821981741,0.05612241780182591,0.8877551643963482
2022-10-25,0.8675801523554554,0.13241984764454465,0.7351603047109108
2022-10-26,0.9845034319149241,0.015496568085075954,0.9690068638298481
2022-10-27,0.9222455180826841,0.07775448191731595,0.8444910361653681
2022-10-30,0.6756920504623161,0.32430794953768394,0.3513841009246321
2022-10-31,0.7504248213491114,0.2495751786508886,0.5008496426982227
2022-11-01,0.7946267842516062,0.2053732157483939,0.5892535685032123
2022-11-02,0.5231237867263081,0.47687621327369184,0.04624757345261632
2022-11-03,0.9443811326983068,0.05561886730169314,0.8887622653966136
2022-11-04,0.6015576517823765,0.3984423482176234,0.2031153035647531
2022-11-05,0.972645256143563,0.027354743856436936,0.9452905122871261
2022-11-06,0.01162814200397517,0.9883718579960248,-0.9767437159920496
2022-11-07,0.37755846170756574,0.6224415382924342,-0.24488307658486846
2022-11-08,0.5033249208573797,0.4966750791426203,0.0066498417147593525
2022-11-09,0.5165062076139266,0.4834937923860734,0.03301241522785325
2022-11-10,0.06782564217715265,0.9321743578228473,-0.8643487156456947
2022-11-11,0.6610224532710938,0.33897754672890623,0.32204490654218754
2022-11-12,0.9908044819872142,0.009195518012785803,0.9816089639744283
2022-11-14,0.37315635247376516,0.6268436475262348,-0.2536872950524696
2022-11-15,0.045308892107463715,0.9546911078925362,-0.9093822157850725
2022-11-16,0.07368435805305738,0.9263156419469426,-0.8526312838938852
2022-11-17,0.2787693308721462,0.7212306691278538,-0.44246133825570755
2022-11-18,0.014181349760257814,0.9858186502397421,-0.9716373004794843
2022-11-21,0.5020338582165618,0.4979661417834383,0.004067716433123425
2022-11-22,0.15532168525819415,0.8446783147418059,-0.6893566294836118
2022-11-23,0.9497990373092057,0.05020096269079433,0.8995980746184115
2022-11-29,0.8034517633167686,0.19654823668323135,0.6069035266335373
2022-12-01,0.9193941259355439,0.08060587406445602,0.8387882518710879
2022-12-02,0.9455443333274277,0.05445566667257233,0.8910886666548554
2022-12-04,0.34974280016519266,0.6502571998348073,-0.3005143996696147
2022-12-06,0.5983555914567465,0.4016444085432534,0.19671118291349318
2022-12-08,0.8286917469639068,0.17130825303609318,0.6573834939278137
2022-12-09,0.7981725746760638,0.20182742532393616,0.5963451493521277
2022-12-10,0.08396718244386674,0.9160328175561333,-0.8320656351122666
2022-12-12,0.9314262903737013,0.06857370962629875,0.8628525807474026
2022-12-13,0.973759228172505,0.026240771827494992,0.9475184563450101
2022-12-15,0.4837688016567026,0.5162311983432974,-0.03246239668659484
2022-12-16,0.01655043026688058,0.9834495697331194,-0.9668991394662387
2022-12-18,0.9767869761305972,0.023213023869402907,0.9535739522611942
2022-12-19,0.9711911198456928,0.028808880154307208,0.9423822396913856
2022-12-20,0.636629588129797,0.363370411870203,0.27325917625959395
2022-12-21,0.01000507627896566,0.9899949237210344,-0.9799898474420687
2022-12-22,0.9765335878348702,0.02346641216512981,0.9530671756697403
2022-12-23,0.6433971048714154,0.35660289512858456,0.28679420974283093
2022-12-26,0.7431481037301148,0.25685189626988525,0.48629620746022956
2022-12-27,0.8420429679751776,0.15795703202482234,0.6840859359503554
2022-12-28,0.11382808685662509,0.886171913143375,-0.7723438262867498
2022-12-29,0.9799232862589923,0.02007671374100774,0.9598465725179846
2022-12-30,0.46384110064599166,0.5361588993540084,-0.07231779870801665
2023-01-02,0.9469789091372515,0.05302109086274854,0.8939578182745029
2023-01-03,0.984128741031261,0.01587125896873899,0.968257482062522
2023-01-05,0.5576664010720356,0.4423335989279645,0.11533280214407104
2023-01-06,0.9141028940856186,0.08589710591438136,0.8282057881712372
2023-01-10,0.02161565673202387,0.9783843432679762,-0.9567686865359523
2023-01-11,0.8707605122450002,0.1292394877549999,0.7415210244900002
2023-01-12,0.9817941917942145,0.018205808205785524,0.9635883835884289
2023-01-13,0.621038013425976,0.3789619865740239,0.2420760268519521
2023-01-16,0.9903242840675843,0.00967571593241572,0.9806485681351687
2023-01-17,0.908510787485028,0.091489212514972,0.817021574970056
2023-01-18,0.7310390101815639,0.2689609898184361,0.4620780203631278
2023-01-19,0.5148598925474326,0.48514010745256736,0.029719785094865225
2023-01-20,0.46917323751170303,0.530826762488297,-0.06165352497659393
2023-01-23,0.985714836787,0.014285163212999984,0.971429673574
2023-01-24,0.46917323751170303,0.530826762488297,-0.06165352497659393
2023-01-25,0.845316925315439,0.15468307468456105,0.6906338506308779
2023-01-26,0.008050357929476386,0.9919496420705236,-0.9838992841410472
2023-01-27,0.8101690897955406,0.1898309102044593,0.6203381795910814
2023-01-29,0.8936741558386394,0.10632584416136065,0.7873483116772788
2023-01-30,0.7904451328748586,0.20955486712514135,0.5808902657497172
2023-01-31,0.9043358519555343,0.09566414804446555,0.8086717039110688
2023-02-01,0.568377866456082,0.431622133543918,0.13675573291216406
2023-02-02,0.7524677673911474,0.24753223260885257,0.5049355347822949
2023-02-03,0.6709727147625121,0.32902728523748787,0.34194542952502427
2023-02-04,0.9300909407589798,0.06990905924102021,0.8601818815179595
2023-02-05,0.9349047493089435,0.06509525069105651,0.869809498617887
2023-02-06,0.8041603644741799,0.19583963552582018,0.6083207289483596
2023-02-07,0.56395966529993,0.4360403347000699,0.1279193305998602
2023-02-08,0.8213743366167723,0.17862566338322777,0.6427486732335445
2023-02-09,0.4129036439902564,0.5870963560097436,-0.1741927120194872
2023-02-10,0.27474155573106396,0.725258444268936,-0.45051688853787214
2023-02-11,0.7894225996991299,0.2105774003008702,0.5788451993982597
2023-02-12,0.745621037122076,0.254378962877924,0.491242074244152
2023-02-14,0.7789809106014972,0.2210190893985028,0.5579618212029944
2023-02-15,0.3586109585273938,0.6413890414726063,-0.2827780829452126
2023-02-16,0.3306146325863058,0.6693853674136943,-0.33877073482738845
2023-02-17,0.4401686293606499,0.5598313706393502,-0.11966274127870027
2023-02-18,0.6371890559945026,0.36281094400549746,0.27437811198900514
2023-02-19,0.8444093844556485,0.15559061554435152,0.688818768911297
2023-02-20,0.9595312678512957,0.040468732148704285,0.9190625357025914
2023-02-21,0.46988168395028496,0.530118316049715,-0.06023663209943009
2023-02-22,0.7266799652287468,0.2733200347712533,0.45335993045749345
2023-02-23,0.9736048398073519,0.026395160192648037,0.9472096796147039
2023-02-24,0.5172149246801856,0.4827850753198144,0.03442984936037119
2023-02-26,0.015509049034900258,0.9844909509650998,-0.9689819019301995
2023-02-27,0.5473023248126043,0.4526976751873957,0.09460464962520865
2023-02-28,0.719402820758589,0.280597179241411,0.43880564151717805
2023-03-01,0.46917323751170303,0.530826762488297,-0.06165352497659393
2023-03-02,0.7085599769275787,0.29144002307242134,0.4171199538551573
2023-03-03,0.701485505266611,0.2985144947333889,0.40297101053322204
2023-03-04,0.02167957006179949,0.9783204299382006,-0.9566408598764011
2023-03-05,0.9669710929407456,0.03302890705925442,0.9339421858814911
2023-03-06,0.8241600457334776,0.17583995426652244,0.6483200914669551
2023-03-07,0.7804408015338025,0.21955919846619754,0.5608816030676049
2023-03-08,0.672048995697015,0.327951004302985,0.34409799139402997
2023-03-09,0.4981166046147681,0.5018833953852319,-0.003766790770463768
2023-03-10,0.5553045143840506,0.4446954856159494,0.11060902876810125
2023-03-11,0.4741191771334715,0.5258808228665285,-0.05176164573305697
2023-03-12,0.011723090453094493,0.9882769095469055,-0.976553819093811
2023-03-13,0.7600081963733908,0.2399918036266092,0.5200163927467816
2023-03-14,0.37994388656251293,0.620056113437487,-0.24011222687497402
2023-03-15,0.7060676512848835,0.2939323487151165,0.412135302569767
2023-03-16,0.8356771454029192,0.16432285459708074,0.6713542908058385
2023-03-20,0.4819971849891174,0.5180028150108826,-0.03600563002176518
2023-03-21,0.01926986213345571,0.9807301378665443,-0.9614602757330886
2023-03-22,0.27041194456016476,0.7295880554398353,-0.4591761108796705
2023-03-23,0.8295945880049211,0.17040541199507883,0.6591891760098423
2023-03-24,0.7593823502465371,0.2406176497534628,0.5187647004930743
2023-03-26,0.44138461339147517,0.5586153866085248,-0.11723077321704967
2023-03-27,0.5519826810485556,0.4480173189514443,0.10396536209711138
2023-03-29,0.9842432263414066,0.015756773658593393,0.9684864526828132
2023-03-31,0.15532168525819415,0.8446783147418059,-0.6893566294836118
2023-04-03,0.9335064512718507,0.0664935487281493,0.8670129025437014
2023-04-04,0.05279670785026806,0.947203292149732,-0.894406584299464
2023-04-05,0.37622165665387736,0.6237783433461226,-0.2475566866922453
2023-04-06,0.7441878541167682,0.2558121458832318,0.48837570823353643
2023-04-07,0.49260120000868546,0.5073987999913145,-0.014797599982629084
2023-04-10,0.659375608357444,0.340624391642556,0.318751216714888
2023-04-11,0.836177725311185,0.16382227468881505,0.6723554506223698
2023-04-12,0.9826670174399021,0.017332982560097836,0.9653340348798043
2023-04-13,0.45866277731696486,0.5413372226830351,-0.08267444536607021
2023-04-14,0.9577557897736991,0.04224421022630089,0.9155115795473984
2023-04-17,0.9741624193304872,0.025837580669512757,0.9483248386609745
2023-04-18,0.5936897728041636,0.4063102271958365,0.18737954560832704
2023-04-19,0.7118625612305621,0.2881374387694379,0.4237251224611242
2023-04-20,0.9151677543555738,0.08483224564442612,0.8303355087111477
2023-04-21,0.7077225440685807,0.29227745593141935,0.41544508813716136
2023-04-22,0.4955412192453078,0.5044587807546922,-0.008917561509384386
2023-04-23,0.35339085330423364,0.6466091466957664,-0.29321829339153277
2023-04-24,0.9703136869506498,0.02968631304935019,0.9406273739012996
2023-04-25,0.4211155992453764,0.5788844007546236,-0.1577688015092471
2023-04-26,0.5862384266098293,0.41376157339017083,0.1724768532196584
2023-04-27,0.9832822957762951,0.016717704223704867,0.9665645915525902
2023-04-28,0.9731646810992698,0.026835318900730203,0.9463293621985396
2023-04-29,0.9721232772756062,0.027876722724393822,0.9442465545512124
2023-05-02,0.2733643986431871,0.7266356013568129,-0.45327120271362586
2023-05-03,0.5650117658438554,0.4349882341561446,0.1300235316877107
2023-05-04,0.9829792650833847,0.01702073491661525,0.9659585301667695
2023-05-05,0.7167395694453986,0.2832604305546014,0.4334791388907972
2023-05-06,0.7444071812805152,0.2555928187194848,0.4888143625610304
2023-05-07,0.15895811209870989,0.8410418879012901,-0.6820837758025802
2023-05-08,0.9184027108842763,0.08159728911572374,0.8368054217685525
2023-05-09,0.5458978466773869,0.45410215332261306,0.0917956933547738
2023-05-10,0.5357667653669269,0.4642332346330731,0.07153353073385382
2023-05-12,0.15532168525819415,0.8446783147418059,-0.6893566294836118
2023-05-14,0.471374853646051,0.5286251463539491,-0.057250292707898096
2023-05-15,0.8909626272464146,0.10903737275358527,0.7819252544928293
2023-05-17,0.6664306010711643,0.33356939892883575,0.3328612021423285
2023-05-18,0.5921956824483988,0.4078043175516011,0.1843913648967978
2023-05-19,0.8057747616914448,0.19422523830855518,0.6115495233828896
2023-05-20,0.7554207935725918,0.2445792064274082,0.5108415871451836
2023-05-21,0.7014361252711867,0.2985638747288133,0.4028722505423734
2023-05-22,0.9816784672616415,0.01832153273835843,0.9633569345232832
2023-05-23,0.7165782022896787,0.2834217977103212,0.43315640457935756
2023-05-24,0.915928664015219,0.08407133598478099,0.831857328030438
2023-05-25,0.7353058182489305,0.26469418175106946,0.4706116364978611
2023-05-26,0.9851460255870736,0.014853974412926392,0.9702920511741472
2023-05-28,0.28988120509627885,0.7101187949037211,-0.42023758980744225
2023-05-29,0.9255851885857854,0.07441481141421456,0.8511703771715708
2023-05-30,0.7538701111650714,0.24612988883492856,0.5077402223301429
2023-05-31,0.08617501338591647,0.9138249866140834,-0.827649973228167
2023-06-01,0.42970663100504947,0.5702933689949505,-0.14058673798990107
2023-06-02,0.7980521650506578,0.20194783494934213,0.5961043301013157
2023-06-03,0.015322886915114641,0.9846771130848854,-0.9693542261697707
2023-06-04,0.4950741175189341,0.504925882481066,-0.009851764962131804
2023-06-05,0.7657709914217817,0.23422900857821824,0.5315419828435636
2023-06-07,0.8320469315653737,0.16795306843462635,0.6640938631307474
2023-06-08,0.8624561883583157,0.13754381164168428,0.7249123767166314
2023-06-09,0.3431336214533713,0.6568663785466287,-0.31373275709325743
2023-06-10,0.583646969103107,0.4163530308968931,0.1672939382062139
2023-06-12,0.46277611958376563,0.5372238804162344,-0.07444776083246873
2023-06-13,0.9180294257784114,0.08197057422158856,0.8360588515568228
2023-06-14,0.8086184208619478,0.19138157913805218,0.6172368417238957
2023-06-15,0.7392677245573959,0.26073227544260413,0.4785354491147917
2023-06-16,0.6178177742073072,0.3821822257926929,0.23563554841461423
2023-06-18,0.8128919421697249,0.18710805783027507,0.6257838843394499
2023-06-19,0.4624804005169521,0.537519599483048,-0.07503919896609579
2023-06-20,0.7377025822139325,0.2622974177860674,0.47540516442786507
2023-06-21,0.9605858209691007,0.03941417903089936,0.9211716419382013
2023-06-22,0.6175441374511085,0.38245586254889147,0.23508827490221695
2023-06-23,0.01219304803270009,0.9878069519673,-0.9756139039345999
2023-06-25,0.8764498867345717,0.12355011326542828,0.7528997734691434
2023-06-26,0.8316774102648252,0.16832258973517486,0.6633548205296503
2023-06-27,0.6055244503238107,0.39447554967618925,0.21104890064762155
2023-06-28,0.597783069170101,0.402216930829899,0.19556613834020203
2023-07-03,0.9733580294884177,0.026641970511582402,0.9467160589768352
2023-07-04,0.8587340473555807,0.14126595264441924,0.7174680947111616
2023-07-05,0.4243190363398512,0.5756809636601488,-0.15136192732029757
2023-07-09,0.07894589232274977,0.9210541076772503,-0.8421082153545005
2023-07-10,0.6382000246578572,0.36179997534214287,0.2764000493157143
2023-07-11,0.7677202063987542,0.23227979360124573,0.5354404127975085
2023-07-12,0.6134518537064769,0.38654814629352313,0.22690370741295382
2023-07-13,0.9686824720927613,0.031317527907238685,0.9373649441855225
2023-07-14,0.989593478526968,0.010406521473032025,0.979186957053936
2023-07-15,0.9681482698076411,0.031851730192358825,0.9362965396152823
2023-07-16,0.9923142331394353,0.007685766860564711,0.9846284662788707
2023-07-17,0.9642778565596531,0.03572214344034687,0.9285557131193063
2023-07-19,0.7241659489359713,0.27583405106402864,0.4483318978719427
2023-07-20,0.9573356366674263,0.04266436333257374,0.9146712733348525
2023-07-21,0.6211555571584776,0.3788444428415223,0.24231111431695532
2023-07-22,0.05054544088287734,0.9494545591171226,-0.8989091182342452
2023-07-23,0.9450151531383368,0.05498484686166316,0.8900303062766737
2023-07-24,0.4977961767842978,0.5022038232157022,-0.004407646431404381
2023-07-25,0.4071192764886814,0.5928807235113187,-0.18576144702263722
2023-07-26,0.6824064934783188,0.31759350652168117,0.3648129869566378
2023-07-27,0.6614623748834055,0.3385376251165945,0.322924749766811
2023-07-28,0.9745829007132354,0.02541709928676462,0.9491658014264707
2023-07-29,0.03279691888860579,0.9672030811113942,-0.9344061622227884
2023-07-30,0.4955271910413556,0.5044728089586444,-0.008945617917288817
2023-07-31,0.9506059456061974,0.04939405439380257,0.9012118912123948
2023-08-01,0.7596170361645693,0.24038296383543062,0.5192340723291388
2023-08-02,0.8062344964848897,0.1937655035151103,0.6124689929697793
2023-08-03,0.5316538564085643,0.46834614359143567,0.06330771281712869
2023-08-04,0.9232936017109314,0.07670639828906853,0.8465872034218629
2023-08-05,0.43247586270115906,0.5675241372988409,-0.13504827459768184
2023-08-07,0.9811014531988635,0.018898546801136472,0.9622029063977271
2023-08-08,0.5416619253332838,0.45833807466671617,0.08332385066656767
2023-08-09,0.7897939701342138,0.21020602986578615,0.5795879402684277
2023-08-11,0.7949001292647808,0.20509987073521915,0.5898002585295617
2023-08-12,0.980758520142957,0.01924147985704298,0.961517040285914
2023-08-13,0.2628595486220621,0.7371404513779378,-0.4742809027558758
2023-08-14,0.49349968412624245,0.5065003158737575,-0.013000631747515142
2023-08-15,0.5642901581484642,0.43570984185153583,0.12858031629692834
2023-08-16,0.707429111653727,0.29257088834627304,0.4148582233074539
2023-08-17,0.4232230049325884,0.5767769950674115,-0.15355399013482307
2023-08-18,0.5818761451475863,0.4181238548524137,0.1637522902951726
2023-08-20,0.47217490401233647,0.5278250959876636,-0.05565019197532706
2023-08-21,0.6989365926327471,0.30106340736725296,0.39787318526549414
2023-08-22,0.9558546575175241,0.044145342482475924,0.9117093150350482
2023-08-23,0.48299229026476076,0.5170077097352391,-0.034015419470478404
2023-08-29,0.4784415679492657,0.5215584320507344,-0.043116864101468644
2023-08-30,0.9853500570405103,0.014649942959489716,0.9707001140810205
2023-09-03,0.7367948516547498,0.2632051483452502,0.47358970330949957
2023-09-05,0.3545620059678705,0.6454379940321294,-0.2908759880642589
2023-09-06,0.02313468789637678,0.9768653121036232,-0.9537306242072464
2023-09-08,0.03312488523073513,0.9668751147692649,-0.9337502295385298
