Date,Symbol,Opening Price,Highest Price,Lowest Price,Closing Price,Volume of Trade,P/E Ratio,P/B Ratio
2022-05-17 00:00:00+05:30,LICI.NS,853.7744706869466,899.7431883713546,842.0252807233647,856.95654296875,48792877,131.43505260256902,47.714729563961576
2022-05-18 00:00:00+05:30,LICI.NS,867.0412940256715,872.3773966755252,855.8305961120094,858.0335693359375,8919761,131.60024069569593,47.7746976244954
2022-05-19 00:00:00+05:30,LICI.NS,848.879042812514,848.879042812514,820.4851647945637,823.2755737304688,7372427,126.26925977461178,45.839397201028326
2022-05-20 00:00:00+05:30,LICI.NS,830.814598304494,838.8921665498716,807.7568245377648,808.8828125,7078291,124.06178105828222,45.03801851336303
2022-05-23 00:00:00+05:30,LICI.NS,808.8828310465876,834.8779029531222,786.853098963173,799.7771606445312,12444648,122.66520868781154,44.53102230760196
2022-05-24 00:00:00+05:30,LICI.NS,800.9032845976507,817.2542560272743,799.7772964184451,805.8966674804688,4287864,123.60378335590012,44.871752086885785
2022-05-25 00:00:00+05:30,LICI.NS,814.121075581882,823.8631256601035,797.2316124985538,803.1551513671875,4013031,123.18330542441527,44.71910642356278
2022-05-26 00:00:00+05:30,LICI.NS,803.1550855607223,807.5610320910245,784.2584823937663,794.6859130859375,2796468,121.88434249784318,44.247545272045514
2022-05-27 00:00:00+05:30,LICI.NS,801.4416767288318,807.4142179915813,797.3294479392858,804.4279174804688,2215807,123.37851495099214,44.78997313365639
2022-05-30 00:00:00+05:30,LICI.NS,812.5545120769226,823.8141537373527,808.0506195570641,820.2404174804688,3133717,125.80374501234184,45.67040186416864
2022-05-31 00:00:00+05:30,LICI.NS,793.0703226873766,804.8195126531155,793.0703226873766,794.3431396484375,4373090,121.83176988472968,44.22845989133839
2022-06-01 00:00:00+05:30,LICI.NS,794.4411353581692,800.364673719682,791.6017237008452,793.4620361328125,1670031,121.69663130871358,44.179400675546354
2022-06-02 00:00:00+05:30,LICI.NS,793.0214010505172,796.79090902898,787.1957489169612,788.8602294921875,1565763,120.99083274420055,43.92317536148037
2022-06-03 00:00:00+05:30,LICI.NS,791.7486274743296,793.8047119827056,783.2793951109029,783.524169921875,2052785,120.17241869967408,43.626067367587694
2022-06-06 00:00:00+05:30,LICI.NS,783.5241800827287,784.9438859566732,758.8998098758071,761.102783203125,3033514,116.73355570600077,42.37766053469515
2022-06-07 00:00:00+05:30,LICI.NS,756.7458172927339,756.7458172927339,736.0867877244,737.26171875,3774512,113.07695072852762,41.05020705734967
2022-06-08 00:00:00+05:30,LICI.NS,737.1638043406336,737.1638043406336,720.7148901346777,722.6241455078125,4103499,110.83192415763996,40.23519741134813
2022-06-09 00:00:00+05:30,LICI.NS,714.6445311669049,720.6170123930035,705.0493111834417,706.6159057617188,3729113,108.3766726628403,39.3438700312761
2022-06-10 00:00:00+05:30,LICI.NS,698.0977145572328,704.7066340148224,693.251161669773,694.86669921875,3464178,106.57464711944019,38.68968258456292
2022-06-13 00:00:00+05:30,LICI.NS,676.459766320363,676.459766320363,653.059267899627,654.2831420898438,7781730,100.35017516715395,36.430019047318694
2022-06-14 00:00:00+05:30,LICI.NS,650.2197798278542,669.7038785611272,649.1427945702154,660.2066040039062,5348769,101.25868159569114,36.75983318507273
2022-06-15 00:00:00+05:30,LICI.NS,666.7664999206715,694.8666565828782,664.9061876911146,675.7252807617188,9204318,103.63884674259491,37.6239020468663
2022-06-16 00:00:00+05:30,LICI.NS,688.7473660205559,691.2440571077897,653.059187097586,655.3600463867188,4049782,100.5153445378403,36.489980311064514
2022-06-17 00:00:00+05:30,LICI.NS,655.1152665151127,655.3600413209784,637.3935944742273,640.869384765625,4043000,98.29285042417563,35.683150599422326
2022-06-20 00:00:00+05:30,LICI.NS,646.6461376684404,652.7655082274962,636.4145381418035,647.5762939453125,3522551,99.32151747627493,36.05658652256751
2022-06-21 00:00:00+05:30,LICI.NS,653.0591194109869,657.3671794848018,649.1427228927801,651.2967529296875,2355354,99.89214001989073,36.26373902726545
2022-06-22 00:00:00+05:30,LICI.NS,652.080098284315,670.5850979502277,650.2197858118458,654.625732421875,3472810,100.4027196966066,36.44909423284382
2022-06-23 00:00:00+05:30,LICI.NS,656.1923643292249,660.5983111894129,644.8347765672753,651.2479248046875,1798979,99.88465104366374,36.26102031206501
2022-06-24 00:00:00+05:30,LICI.NS,655.3111183547685,659.4722901817569,645.3242940181012,647.821044921875,1743400,99.35905596961274,36.07021408250974
2022-06-27 00:00:00+05:30,LICI.NS,655.9965407902234,655.9965407902234,647.8700284308376,650.9052124023438,1405766,99.83208779177052,36.241938329751875
2022-06-28 00:00:00+05:30,LICI.NS,649.3875876100883,650.9051795191739,645.2264157332049,649.4854736328125,1004747,99.61433644675039,36.16288828690492
2022-06-29 00:00:00+05:30,LICI.NS,646.3033973753409,682.2852951665968,644.0514810300963,664.31884765625,4653282,101.88939381230828,36.98879998086024
2022-06-30 00:00:00+05:30,LICI.NS,664.3187735946291,669.4101011289727,656.975529966096,659.81494140625,1681412,101.19861064513037,36.73802569077116
2022-07-01 00:00:00+05:30,LICI.NS,660.8920306029983,665.7385841126494,655.0174347754161,662.507568359375,1330472,101.61159023916795,36.88794924049972
2022-07-04 00:00:00+05:30,LICI.NS,663.8293360727301,679.494925124594,663.8293360727301,677.8304443359375,1832039,103.96172459140146,37.7411160543395
2022-07-05 00:00:00+05:30,LICI.NS,683.4112152844916,697.9998167065304,682.432116122193,687.9640502929688,3662593,105.51595863389092,38.305348011857944
2022-07-06 00:00:00+05:30,LICI.NS,692.2231524112816,698.6851833956312,686.8381066711655,688.2578125,1253320,105.56101418711657,38.321704482182625
2022-07-07 00:00:00+05:30,LICI.NS,693.2023162669515,699.7622936411476,681.4531244658167,683.4602661132812,1843219,104.82519418915358,38.05458051855686
2022-07-08 00:00:00+05:30,LICI.NS,686.5933647861356,695.9437508858731,686.5933647861356,693.3001708984375,2152750,106.33438203963766,38.602459404144625
2022-07-11 00:00:00+05:30,LICI.NS,693.1533196927284,706.8117660580489,689.6285265690624,703.1890869140625,1638255,107.85108695000959,39.15306720011483
2022-07-12 00:00:00+05:30,LICI.NS,703.6786686051446,709.259546485694,699.4195508565377,702.6016235351562,1355821,107.76098520477858,39.12035765785948
2022-07-13 00:00:00+05:30,LICI.NS,704.8536025500359,708.7699997087872,700.4965987590297,703.8255004882812,887093,107.94869639390818,39.188502254358646
2022-07-14 00:00:00+05:30,LICI.NS,705.0493153818501,706.1753033742082,694.1813380829306,697.412353515625,874964,106.96508489503452,38.83142280153814
2022-07-15 00:00:00+05:30,LICI.NS,704.4129204868576,706.1752870676798,690.3138683213364,693.6917724609375,999239,106.39444362897815,38.624263500052194
2022-07-18 00:00:00+05:30,LICI.NS,695.1604045969243,698.7341404398375,678.5157188530543,681.9425659179688,1620545,104.59241808557803,37.970076053339014
2022-07-19 00:00:00+05:30,LICI.NS,682.432135921315,684.3903343027248,673.620243204971,674.4524536132812,1592940,103.44362785479774,37.55303193837869
2022-07-20 00:00:00+05:30,LICI.NS,679.7885689625534,682.1873739768713,672.3963818853482,673.3265380859375,1377738,103.27094142422355,37.49034176425042
2022-07-21 00:00:00+05:30,LICI.NS,673.6202941210151,678.5157904445691,672.6901378676447,673.1796875,799923,103.24841832822086,37.482165228285076
2022-07-22 00:00:00+05:30,LICI.NS,674.6483177065369,679.7885887038618,673.3265576395861,674.2567138671875,948078,103.41360642134778,37.5421332888189
2022-07-25 00:00:00+05:30,LICI.NS,673.6203084160514,675.5785069870283,667.7457127031207,669.6549682617188,671602,102.70781721805503,37.285911373146924
2022-07-26 00:00:00+05:30,LICI.NS,669.7037892860454,670.4870566198667,660.8918973217553,661.2345581054688,662692,101.41634326770993,36.817068936830104
2022-07-27 00:00:00+05:30,LICI.NS,660.8919926144155,665.3958252528864,658.8359080967386,660.2555541992188,690747,101.26618929435871,36.76255869706117
2022-07-28 00:00:00+05:30,LICI.NS,662.8500905534149,665.0530635279277,659.9127932540646,660.7940063476562,741896,101.34877397970189,36.79253932893409
2022-07-29 00:00:00+05:30,LICI.NS,662.0179450344432,669.5080180253907,660.8919570556706,663.6334228515625,1519288,101.78426730852186,36.95063601623399
2022-08-01 00:00:00+05:30,LICI.NS,665.7874804019865,671.2704122191541,664.22094552836,668.6268920898438,949173,102.55013682359568,37.22866882460154
2022-08-02 00:00:00+05:30,LICI.NS,668.1373625679728,674.5504508040177,665.9833322323418,671.1725463867188,1061968,102.94057459919,37.370409041576764
2022-08-03 00:00:00+05:30,LICI.NS,670.6829625347793,673.6202601809171,662.8501688117454,664.1229858398438,951585,101.85935365641775,36.97789453451246
2022-08-04 00:00:00+05:30,LICI.NS,667.7456520039453,669.1653577907456,656.6818430355398,659.619140625,1036357,101.16857985046013,36.72712364281737
2022-08-05 00:00:00+05:30,LICI.NS,660.8919142689341,680.4249539092207,660.0107011461214,672.9837646484375,3867024,103.21836881111005,37.47125638354329
2022-08-08 00:00:00+05:30,LICI.NS,666.1301364122287,673.6202694163603,664.3188267427332,665.7874755859375,1215231,102.11464349477569,37.07057213730164
2022-08-10 00:00:00+05:30,LICI.NS,668.2352438607626,673.57134677096,666.5218201585556,668.3331298828125,1133206,102.50508127037003,37.21231235427686
2022-08-11 00:00:00+05:30,LICI.NS,671.1235458341164,675.3826033693643,667.0602603275686,668.382080078125,1055646,102.51258896903758,37.21503786626531
2022-08-12 00:00:00+05:30,LICI.NS,668.9695395316213,672.7390476105568,666.8155093038839,668.1373291015625,867471,102.47505047569977,37.201410306323076
2022-08-16 00:00:00+05:30,LICI.NS,678.5158288086627,691.8315556578257,676.8513480126473,683.0686645507812,4029367,104.76513259981309,38.03277642264929
2022-08-17 00:00:00+05:30,LICI.NS,687.3276445309764,689.2858429484436,682.4321484873085,683.3623046875,1443441,104.81016943059817,38.049126096185965
2022-08-18 00:00:00+05:30,LICI.NS,684.2924517135539,688.7962841095574,680.4739409468975,681.6978149414062,1010173,104.55487959224023,37.956448493396785
2022-08-19 00:00:00+05:30,LICI.NS,683.3134074598461,684.3414497459988,668.822690392156,671.6131591796875,1403378,103.00815324841834,37.394942047866785
2022-08-22 00:00:00+05:30,LICI.NS,670.585056995003,670.585056995003,660.8919511411442,661.1856689453125,1331779,101.40884493026266,36.81434682323566
2022-08-23 00:00:00+05:30,LICI.NS,660.4023863555544,664.6125008103747,656.2412149070576,657.0734252929688,1053329,100.77813271364552,36.585380027448146
2022-08-24 00:00:00+05:30,LICI.NS,659.0317190436581,668.7248260780094,657.9547337107208,662.1159057617188,1473399,101.55151928860718,36.866141746198146
2022-08-25 00:00:00+05:30,LICI.NS,665.7956901983758,670.0151645395168,664.3728281819035,665.1578369140625,865146,102.01807314632862,37.035514304791896
2022-08-26 00:00:00+05:30,LICI.NS,668.1507625646149,669.6226763668054,665.3540904050573,666.1390991210938,691903,102.16857348483033,37.09015028513885
2022-08-29 00:00:00+05:30,LICI.NS,657.4547744217576,662.312101524681,654.7072142086084,657.6019897460938,1400803,100.85920088130273,36.61481011949297
2022-08-30 00:00:00+05:30,LICI.NS,660.8892822265625,664.2746958734485,659.6136356053325,660.8892822265625,689256,101.3633868445648,36.79784422196896
2022-09-01 00:00:00+05:30,LICI.NS,660.3986121370601,664.1765000029066,655.5412849578848,656.1791381835938,1019021,100.64097211404813,36.535586758551986
2022-09-02 00:00:00+05:30,LICI.NS,658.436094774972,660.3005428452738,651.5671638309709,652.2050170898438,914138,100.0314443389331,36.314310528387736
2022-09-05 00:00:00+05:30,LICI.NS,653.5297230948321,656.6207660123459,646.8080074073184,647.44580078125,1467031,99.30150318730828,36.04932075619432
2022-09-06 00:00:00+05:30,LICI.NS,649.6045927833967,651.4199290933093,638.8105587643372,640.5768432617188,1984406,98.24798209535564,35.66686209697766
2022-09-07 00:00:00+05:30,LICI.NS,640.5768666361963,643.1282197964659,638.8105820743635,640.9203491210938,1236249,98.30066704311254,35.68598825841279
2022-09-08 00:00:00+05:30,LICI.NS,643.7169447266127,646.6607722177405,640.086212175757,641.607177734375,1138616,98.40600885496549,35.724230386101056
2022-09-09 00:00:00+05:30,LICI.NS,645.4832462357526,646.6607892416683,640.4297115116718,641.0675048828125,1220396,98.32323694521665,35.69418178634813
2022-09-12 00:00:00+05:30,LICI.NS,642.7356584464485,644.4528911216871,639.3992967204845,639.9880981445312,1161662,98.15768376449867,35.634081188448285
2022-09-13 00:00:00+05:30,LICI.NS,642.7357373065088,660.7912384641122,641.2638234042802,657.7001953125,4249316,100.87426308473927,36.62027813543987
2022-09-14 00:00:00+05:30,LICI.NS,652.2540606161559,665.3050172654649,649.8008710244691,651.0274658203125,2467127,99.85083831599886,36.24874531293499
2022-09-15 00:00:00+05:30,LICI.NS,652.5484311169325,663.9312068606893,647.7892672679717,660.006103515625,2899060,101.22792998705906,36.7486694607809
2022-09-16 00:00:00+05:30,LICI.NS,658.3379436423791,659.1229522865835,641.1165058187304,642.5393676757812,1723016,98.5489827723591,35.77613405767156
2022-09-19 00:00:00+05:30,LICI.NS,645.9738736999608,651.1255718616071,641.7543995650773,642.4903564453125,1004677,98.54146571247125,35.77340514728911
2022-09-20 00:00:00+05:30,LICI.NS,645.2379067379734,652.597475425333,643.2753550880109,644.0603637695312,927521,98.78226438182995,35.86082203616544
2022-09-21 00:00:00+05:30,LICI.NS,644.1094497699579,647.5439150203321,639.5955452197878,640.2333984375,920171,98.19530650881903,35.64773933393652
2022-09-22 00:00:00+05:30,LICI.NS,640.7731308916891,646.6607859994228,635.8667516352443,637.583984375,1270228,97.78895465874234,35.500221847160354
2022-09-23 00:00:00+05:30,LICI.NS,639.3993145503391,640.7240728721438,629.9790904261304,630.7640991210938,1212921,96.74295998789782,35.12049549672014
2022-09-26 00:00:00+05:30,LICI.NS,628.0164759594271,628.9977517031137,617.3205463963158,618.743408203125,1072834,94.89929573667563,34.45119199349248
2022-09-27 00:00:00+05:30,LICI.NS,620.1663398289637,625.6614606553283,616.2412364123247,617.0262451171875,1138955,94.63592716521282,34.35558157668082
2022-09-28 00:00:00+05:30,LICI.NS,615.9959298356475,615.9959298356475,608.6363607814582,609.8139038085938,845815,93.52973984794383,33.95400355281702
2022-09-29 00:00:00+05:30,LICI.NS,612.2180489279993,615.161876584536,606.4284972465465,607.949462890625,777577,93.24378265193636,33.850192811282014
2022-09-30 00:00:00+05:30,LICI.NS,608.6363826413725,614.6712534394879,605.4472359366817,610.0101928710938,873228,93.55984553237634,33.96493278792281
2022-10-03 00:00:00+05:30,LICI.NS,610.353546402358,613.2973737965816,607.655037957653,608.979736328125,820751,93.40180005032593,33.90755770201141
2022-10-04 00:00:00+05:30,LICI.NS,612.3160959690318,619.9700351901804,612.3160959690318,617.516845703125,776287,94.71117265385354,34.38289786765729
2022-10-06 00:00:00+05:30,LICI.NS,618.7434588225856,623.8951568984012,616.7318553619223,617.1243896484375,774273,94.65098000742907,34.361046194233715
2022-10-07 00:00:00+05:30,LICI.NS,617.2225039797463,618.2037798207316,612.3161247748199,612.8067626953125,644846,93.98876728455714,34.120643802634326
2022-10-10 00:00:00+05:30,LICI.NS,611.0404442106225,611.0404442106225,606.624703171527,607.80224609375,863600,93.22120338861197,33.841995884952674
2022-10-11 00:00:00+05:30,LICI.NS,609.0779336264674,614.229631852103,606.428476846247,607.900390625,775141,93.23625623082823,33.84746050250557
2022-10-12 00:00:00+05:30,LICI.NS,609.8628756762545,611.0404185490247,602.356092268123,604.1224365234375,700431,92.65681541770515,33.637106710659104
2022-10-13 00:00:00+05:30,LICI.NS,604.4658918647798,606.8700295495245,599.5595128723709,600.1482543945312,686400,92.04727828136983,33.41582708210085
2022-10-14 00:00:00+05:30,LICI.NS,606.0359790968184,607.4588411472206,600.5408579483402,601.3258666992188,617660,92.22789366552435,33.48139569594759
2022-10-17 00:00:00+05:30,LICI.NS,601.32577841553,602.0617352412405,596.6156667094456,597.3516235351562,772169,91.61834716796875,33.26011266899533
2022-10-18 00:00:00+05:30,LICI.NS,599.5595487665747,600.9333589236246,596.1250832662752,596.468505859375,696884,91.48289967168328,33.21094130620128
2022-10-19 00:00:00+05:30,LICI.NS,597.498867873326,599.5595231284587,594.1625061444873,595.6834716796875,637868,91.36249565639379,33.16723116256612
2022-10-20 00:00:00+05:30,LICI.NS,596.1741714503572,596.5667057741254,588.7655502547836,589.746826171875,1042196,90.4519672042753,32.83668297170796
2022-10-21 00:00:00+05:30,LICI.NS,589.8939826264333,589.8939826264333,576.9901816479554,578.167724609375,1854225,88.67603138180598,32.19196684907433
2022-10-24 00:00:00+05:30,LICI.NS,581.8966107374457,589.5505508057796,581.8966107374457,588.5692749023438,457731,90.27136118134108,32.771117756255215
2022-10-25 00:00:00+05:30,LICI.NS,588.7654930965348,589.7467689183622,583.172208933653,584.3988037109375,536666,89.63171836057325,32.538908892591174
2022-10-27 00:00:00+05:30,LICI.NS,585.3310277201383,586.6066743100495,583.859113987397,584.3988037109375,651827,89.63171836057325,32.538908892591174
2022-10-28 00:00:00+05:30,LICI.NS,584.8403709808783,586.2632328551853,580.1793109772556,581.6021728515625,737228,89.20278724717217,32.38319447948566
2022-10-31 00:00:00+05:30,LICI.NS,595.5363161604472,605.2509107948589,591.513049383013,592.6415405273438,2929385,90.89594179867235,32.99785860397237
2022-11-01 00:00:00+05:30,LICI.NS,597.5479485474887,597.5479485474887,592.6415692341704,593.8681640625,1013858,91.08407424271473,33.066156128201555
2022-11-02 00:00:00+05:30,LICI.NS,595.6344023846476,610.3535391816323,591.8074028605032,607.80224609375,1836761,93.22120338861197,33.841995884952674
2022-11-03 00:00:00+05:30,LICI.NS,607.4097335290933,617.222491744426,604.4659060644935,613.9352416992188,1604869,94.16184688638324,34.18347670931062
2022-11-04 00:00:00+05:30,LICI.NS,616.2412924195802,619.087016612208,614.5731113374305,616.2903442382812,662123,94.52305893225173,34.314607140216104
2022-11-07 00:00:00+05:30,LICI.NS,617.2225218907299,626.0540047158754,617.2225218907299,621.3929443359375,1044987,95.30566630919287,34.59871627705665
2022-11-09 00:00:00+05:30,LICI.NS,623.110163770099,625.7596205393975,618.3018881557306,619.4794311523438,626576,95.01218269207727,34.492173226745194
2022-11-10 00:00:00+05:30,LICI.NS,623.1101126955685,623.1101126955685,607.0171661430386,609.2250366210938,788898,93.43942279464629,33.92121584749965
2022-11-11 00:00:00+05:30,LICI.NS,614.2787183920401,621.7855030449765,613.3464943009986,615.9468994140625,979067,94.47038334571512,34.29548437717497
2022-11-14 00:00:00+05:30,LICI.NS,651.5181120169786,672.0758530349901,645.9738795123907,652.2050170898438,8854572,100.0314443389331,36.314310528387736
2022-11-15 00:00:00+05:30,LICI.NS,652.5484130346928,659.7117144624738,637.8292758985718,642.4412841796875,2112529,98.53393929136313,35.77067283851267
2022-11-16 00:00:00+05:30,LICI.NS,639.7917865953069,642.7356138342424,628.016477639565,630.6168823242188,1364241,96.72038072457343,35.1122985703908
2022-11-17 00:00:00+05:30,LICI.NS,627.0352090912762,637.0932856064336,625.6123472643267,631.7943725585938,1211174,96.9009773862874,35.17786038744954
2022-11-18 00:00:00+05:30,LICI.NS,630.9604211655173,633.9042489470049,624.7783948028592,626.8390502929688,750739,96.14095863389092,34.90195157533233
2022-11-21 00:00:00+05:30,LICI.NS,627.9183895482254,628.3108639210636,613.5917273624303,615.3089599609375,880089,94.37253987130944,34.25996436308115
2022-11-22 00:00:00+05:30,LICI.NS,613.2973278246292,621.9325422219365,612.3160521001098,614.0823364257812,996001,94.18440742726708,34.19166683885196
2022-11-23 00:00:00+05:30,LICI.NS,615.2599301750752,617.222481786479,608.4400513469827,609.5685424804688,914416,93.49210774240319,33.940342008934785
2022-11-24 00:00:00+05:30,LICI.NS,611.3348066507934,619.1850128357154,611.3348066507934,612.5614013671875,1199253,93.95113517901649,34.10698225875208
2022-11-25 00:00:00+05:30,LICI.NS,615.6033153540108,618.9396768476516,614.9655220544419,615.995849609375,803958,94.47789104438267,34.29820988916342
2022-11-28 00:00:00+05:30,LICI.NS,616.2412228042001,621.3929209247766,615.9959038460775,618.0075073242188,823562,94.78642750371453,34.41021755702777
2022-11-29 00:00:00+05:30,LICI.NS,617.2225250018427,631.3529215502303,617.2225250018427,624.87646484375,1571328,95.83994859566718,34.79267621624443
2022-11-30 00:00:00+05:30,LICI.NS,624.0914324499654,627.8202686528055,621.1476049384089,624.3858032226562,647345,95.76469374580618,34.76535652687395
2022-12-01 00:00:00+05:30,LICI.NS,626.0539811817808,645.7776014595752,626.0539811817808,638.7124633789062,3163335,97.96203426056844,35.563054753836646
2022-12-02 00:00:00+05:30,LICI.NS,635.8667616362764,641.7544168366123,635.8667616362764,639.055908203125,905130,98.01470984710507,35.582177516877785
2022-12-05 00:00:00+05:30,LICI.NS,638.9086777697446,642.7356775164671,636.8480224552476,639.8899536132812,800923,98.14263092228241,35.62861657089539
2022-12-06 00:00:00+05:30,LICI.NS,638.8105924699457,646.4645322906596,636.8480407265665,639.4974975585938,1233657,98.08243827585794,35.60676489747181
2022-12-07 00:00:00+05:30,LICI.NS,637.583913073214,645.5813343237876,637.583913073214,641.9015502929688,871091,98.45115802039399,35.74062084036574
2022-12-08 00:00:00+05:30,LICI.NS,642.7357052774518,657.7492143535588,640.675049873951,649.9480590820312,2234602,99.68528513528088,36.188644715035146
2022-12-09 00:00:00+05:30,LICI.NS,652.5484261314239,663.4405638738309,651.5671503026548,659.2701416015625,2723169,101.11505239287769,36.70769162592219
2022-12-12 00:00:00+05:30,LICI.NS,659.4173453822028,690.5238005877743,657.5528973832706,684.1455078125,5932237,104.93029260927915,38.09273428800111
2022-12-13 00:00:00+05:30,LICI.NS,686.8930674750759,710.9343248367036,686.8930674750759,704.8504028320312,7100398,108.10589000491278,39.24556808641599
2022-12-14 00:00:00+05:30,LICI.NS,710.4437273630393,718.2939342952277,698.5703133350349,710.7380981445312,5008176,109.0089107583637,39.5733907652857
2022-12-15 00:00:00+05:30,LICI.NS,714.4669741984502,717.1654829814846,692.7808002989968,695.4793090820312,2263539,106.66860568742811,38.72379226514651
2022-12-16 00:00:00+05:30,LICI.NS,688.1687377195948,698.2758669387487,674.1855569364815,675.657470703125,2820832,103.62844642685967,37.62012643113168
2022-12-19 00:00:00+05:30,LICI.NS,676.8840687793747,727.8613611222493,676.8350169653811,720.84521484375,6490103,110.55908203125001,40.1361478198079
2022-12-20 00:00:00+05:30,LICI.NS,724.1815928463944,740.12732575121,716.3804376929579,726.0950927734375,8871743,111.36427803273583,40.4284572813718
2022-12-21 00:00:00+05:30,LICI.NS,728.1066626397006,733.6999468244271,684.9305263106618,688.51220703125,4546599,105.60003175325922,38.335868988376944
2022-12-22 00:00:00+05:30,LICI.NS,691.9957310999669,700.2875238875307,667.2675680695141,668.8375854492188,4221417,102.58245175601515,37.240400080691465
2022-12-23 00:00:00+05:30,LICI.NS,666.286239363437,674.1854972330963,642.8337248015223,646.4154052734375,3498066,99.14346706647815,35.99194906867692
2022-12-26 00:00:00+05:30,LICI.NS,648.6233493893645,677.9635218285067,648.6233493893645,675.1177978515625,2728756,103.54567451711083,37.59007783137876
2022-12-27 00:00:00+05:30,LICI.NS,680.5147028550107,685.6173485102527,668.7884461770271,679.6315307617188,1862730,104.23796484075442,37.84139926290193
2022-12-28 00:00:00+05:30,LICI.NS,677.080322551329,680.5147879555749,672.1739434024064,674.185546875,944339,103.40269123849694,37.53817076141425
2022-12-29 00:00:00+05:30,LICI.NS,673.7439794796785,673.7439794796785,668.5922812302725,670.8983154296875,978328,102.89851463645515,37.355140057332264
2022-12-30 00:00:00+05:30,LICI.NS,673.1551209532112,679.2880939939657,670.5056646211423,671.7813110351562,878093,103.03394341030004,37.40430462333832
2023-01-02 00:00:00+05:30,LICI.NS,672.1739518297986,701.219692798653,671.8795810556373,696.2152099609375,2988258,12.233618168352443,9.460731212949279
2023-01-03 00:00:00+05:30,LICI.NS,704.5560597044489,723.9853095395607,702.3481890438152,720.84521484375,4845441,12.666406867751714,9.795423492916836
2023-01-04 00:00:00+05:30,LICI.NS,723.102173346277,732.0317593220973,714.3687946199556,717.3126220703125,3772736,12.604333545428089,9.747419786252378
2023-01-05 00:00:00+05:30,LICI.NS,720.1092532569888,724.475942735763,709.06990002587,714.1725463867188,1602415,12.549157378083269,9.704749916927826
2023-01-06 00:00:00+05:30,LICI.NS,714.1725514023564,715.7426286972035,691.995741157024,694.056396484375,1625158,12.195684352211826,9.431395522277143
2023-01-09 00:00:00+05:30,LICI.NS,702.5935166526659,704.5560683751594,694.7923615772892,698.27587890625,1268499,12.269827427626955,9.488733236937763
2023-01-10 00:00:00+05:30,LICI.NS,698.3739845220339,705.0466478467821,695.2338900479403,701.6121826171875,1546064,12.328451636218372,9.534069610234916
2023-01-11 00:00:00+05:30,LICI.NS,701.170637416501,709.9530681369502,697.2455340681281,701.7103271484375,1322852,12.330176193084476,9.535403276918569
2023-01-12 00:00:00+05:30,LICI.NS,702.6915584439046,704.1144202959633,689.9349733702963,692.1919555664062,1156008,12.16292313418391,9.406060002261261
2023-01-13 00:00:00+05:30,LICI.NS,693.2223523402321,702.7897921003386,692.0448093143691,699.4534301757812,1241951,12.290518892563368,9.504734748957484
2023-01-16 00:00:00+05:30,LICI.NS,700.6309494538206,705.1447943589183,694.448923642987,695.9208374023438,746717,12.228445570239744,9.456731042293026
2023-01-17 00:00:00+05:30,LICI.NS,694.7433116687506,698.1777771925368,685.6174581125839,692.4863891601562,981024,12.168096804782223,9.410061002312219
2023-01-18 00:00:00+05:30,LICI.NS,693.7620411414629,695.8226965146556,689.9350412857323,693.3695068359375,601657,12.183614599120322,9.422061514280982
2023-01-19 00:00:00+05:30,LICI.NS,691.7994353899874,697.6870901592638,687.1874271755897,688.4630737304688,651600,12.097400698128077,9.355388962229497
2023-01-20 00:00:00+05:30,LICI.NS,688.8556284148517,692.0938266554313,682.0848012726483,685.47021484375,528700,12.044811366082412,9.314719592930425
2023-01-23 00:00:00+05:30,LICI.NS,686.8930729236422,691.6522366862554,685.1267884288745,687.7762451171875,530547,12.085332017522186,9.34605578362804
2023-01-24 00:00:00+05:30,LICI.NS,688.855631725625,701.1215795839873,686.8930800682871,688.9537353515625,1092923,12.106022409972985,9.362056466253057
2023-01-25 00:00:00+05:30,LICI.NS,689.8369044003921,691.7504042360129,673.1552153892873,676.4915771484375,864582,11.887042297459805,9.192710655638503
2023-01-27 00:00:00+05:30,LICI.NS,678.0615994519255,679.5335131989268,647.6420486805656,653.4806518554688,1736675,11.48270342392319,8.880019728977697
2023-01-30 00:00:00+05:30,LICI.NS,636.8480722001738,671.1927294066546,627.2315801608249,644.2076416015625,3024474,11.319761757187885,8.754010621029522
2023-01-31 00:00:00+05:30,LICI.NS,647.6420650978772,650.4877890378132,638.6143152422902,641.0675048828125,1811224,11.26458451735745,8.711339922310266
2023-02-01 00:00:00+05:30,LICI.NS,647.6420195604184,652.9409327682956,571.4459307264195,587.2445068359375,6326960,10.318828094112416,7.979949814321748
2023-02-02 00:00:00+05:30,LICI.NS,572.2310226861022,594.653151384513,572.2310226861022,587.88232421875,3377223,10.330035568770867,7.988616988976084
2023-02-03 00:00:00+05:30,LICI.NS,590.8261311439978,593.1812170046669,575.0276148299997,587.833251953125,2276729,10.329173290337815,7.987950155634257
2023-02-06 00:00:00+05:30,LICI.NS,590.7280748073867,596.0269884718917,585.8216954485214,588.6674194335938,1567204,10.34383095121409,7.999285493050601
2023-02-07 00:00:00+05:30,LICI.NS,590.7280951292213,606.6247767772774,589.9921382000737,591.7584228515625,2084510,10.398144840125857,8.041288529033325
2023-02-08 00:00:00+05:30,LICI.NS,593.671910005825,601.1295827696285,593.1812720636714,598.8236083984375,1374494,10.522291484773108,8.137295942362243
2023-02-09 00:00:00+05:30,LICI.NS,601.8655798346831,606.4285369580474,598.1857950230444,601.6693725585938,1434333,10.57229612649084,8.175966470425244
2023-02-10 00:00:00+05:30,LICI.NS,618.2038319309996,628.0165911679996,605.4962967406187,608.4401245117188,3943115,10.691269100539778,8.267972883703203
2023-02-13 00:00:00+05:30,LICI.NS,609.3723209847554,611.9727260215727,594.0153295183056,595.340087890625,1315642,10.461080440882535,8.089959069039612
2023-02-14 00:00:00+05:30,LICI.NS,593.720858708138,598.2838147346337,585.0365925971754,586.8519287109375,1528074,10.311929866647997,7.974615147587138
2023-02-15 00:00:00+05:30,LICI.NS,583.9572743041047,592.6416021057602,583.9572743041047,589.746826171875,933878,10.362797859284397,8.013953338386669
2023-02-16 00:00:00+05:30,LICI.NS,592.7395951558052,594.8984137491109,590.7279918795294,591.5130004882812,703040,10.393832375474982,8.03795353292949
2023-02-17 00:00:00+05:30,LICI.NS,591.7093283469475,594.4078368924767,589.0598716146903,591.3659057617188,642400,10.391247685147054,8.03595469169342
2023-02-20 00:00:00+05:30,LICI.NS,593.671810242566,593.671810242566,585.2328630125737,587.2935180664062,885378,10.319689300059855,7.980615818268871
2023-02-21 00:00:00+05:30,LICI.NS,588.765545489613,590.0411921930415,584.742338219032,585.9689331054688,648784,10.296414217281125,7.962616294407782
2023-02-22 00:00:00+05:30,LICI.NS,585.8216484049387,587.4898292314573,582.3381313183486,584.7913208007812,761922,10.275721679859098,7.946613952993358
2023-02-23 00:00:00+05:30,LICI.NS,584.8404204969867,587.7351963017373,579.0508688874853,579.8359375,916630,10.188647645405027,7.879276226389455
2023-02-24 00:00:00+05:30,LICI.NS,579.9339976692629,583.6628337299579,573.0650670708114,573.65380859375,1119544,10.080017722610263,7.795268495634597
2023-02-27 00:00:00+05:30,LICI.NS,573.6538595023108,574.4389281256616,555.4021519636174,557.119384765625,1912489,9.789481369981111,7.570585470384903
2023-02-28 00:00:00+05:30,LICI.NS,557.3647139568106,571.8385335534003,556.972179637938,567.5700073242188,2207400,9.973115574138443,7.712596919747503
2023-03-01 00:00:00+05:30,LICI.NS,570.4156047134588,593.2302668295558,569.3852771124864,590.4336547851562,1822832,10.374866539890288,8.023286516988126
2023-03-02 00:00:00+05:30,LICI.NS,590.6299171723084,595.9287704599814,585.8216418833393,589.8448486328125,1383893,10.364520271179275,8.015285346280914
2023-03-03 00:00:00+05:30,LICI.NS,597.5970279464549,607.4097870260354,596.321381244575,603.92626953125,2101679,10.611953427011949,8.20663499838633
2023-03-06 00:00:00+05:30,LICI.NS,608.3910169505394,613.2973961194954,598.4801549861779,600.1973876953125,1404596,10.546430990956116,8.155963958354565
2023-03-08 00:00:00+05:30,LICI.NS,598.9708570789529,598.9708570789529,590.7281152350205,591.6603393554688,900075,10.396421355745366,8.039955691744376
2023-03-09 00:00:00+05:30,LICI.NS,593.6718926140169,594.9965910620933,581.4059444195124,587.3426513671875,1465695,10.32055265097852,7.981283481005401
2023-03-10 00:00:00+05:30,LICI.NS,583.8591545354809,585.7726544993989,579.0018269016363,584.3497924804688,649101,10.267963318932855,7.940614111706329
2023-03-13 00:00:00+05:30,LICI.NS,584.3497423123067,587.2935697294971,569.1399673234893,571.2006225585938,1137818,10.036911308356945,7.7619326343062065
2023-03-14 00:00:00+05:30,LICI.NS,574.0954357906339,576.4505218356693,564.2336252751594,567.6680908203125,879186,9.974839058518935,7.713929757036452
2023-03-15 00:00:00+05:30,LICI.NS,570.1212736661184,575.7636098512822,565.2148943746716,566.6377563476562,817032,9.956734428881678,7.69992874504221
2023-03-16 00:00:00+05:30,LICI.NS,566.1961159912106,568.0605639002758,560.0631424644428,561.7313232421875,972000,9.87052052788943,7.633256192990725
2023-03-17 00:00:00+05:30,LICI.NS,564.5770172369054,571.2006290002814,564.2335946579558,569.0418701171875,696661,9.998978564701943,7.732597773028774
2023-03-20 00:00:00+05:30,LICI.NS,568.1587049888302,568.2077568018153,559.5234896721279,564.135498046875,725166,9.91276573619531,7.6659260503719935
2023-03-21 00:00:00+05:30,LICI.NS,566.9812275058814,567.913451629571,560.8482528662532,561.8295288085938,779267,9.872246157241149,7.634590689069082
2023-03-22 00:00:00+05:30,LICI.NS,562.271014742641,566.932074637977,561.2897389752019,562.0256958007812,931326,9.875693126002131,7.63725636364698
2023-03-23 00:00:00+05:30,LICI.NS,562.3692551210662,564.2337034895306,557.3647714470494,558.1497802734375,748086,9.807587072103981,7.584587311773848
2023-03-24 00:00:00+05:30,LICI.NS,559.3272236415318,562.271051134382,548.5331895010812,549.5144653320312,1305399,9.6558507350559,7.467243719690599
2023-03-27 00:00:00+05:30,LICI.NS,549.6125213090394,552.1148223748817,529.0057306456127,533.912109375,1741356,9.381692310226674,7.255226380962087
2023-03-28 00:00:00+05:30,LICI.NS,535.7766518009067,539.0639021727902,524.9826166913647,526.7489013671875,1821333,9.255823253684547,7.157886959738925
2023-03-29 00:00:00+05:30,LICI.NS,527.4357113921203,532.5383572296333,520.1251951348263,521.8914794921875,2245923,9.170470558639739,7.091880411634563
2023-03-31 00:00:00+05:30,LICI.NS,524.5409937109919,536.708838209591,521.1555800495626,524.3447265625,2030925,9.213578045378668,7.125217102357657
2023-04-03 00:00:00+05:30,LICI.NS,529.888966562866,538.2788632216462,527.533880532323,534.353759765625,1228058,9.389452816124145,7.261227881038524
2023-04-05 00:00:00+05:30,LICI.NS,539.1129592035076,545.0987177456758,536.4144506998161,539.6526489257812,1156963,9.482562799609582,7.333233441035212
2023-04-06 00:00:00+05:30,LICI.NS,540.6829190581018,545.9818318769409,537.8863072267969,540.2413330078125,1088256,9.492906923349368,7.341232952953017
2023-04-10 00:00:00+05:30,LICI.NS,544.0683646992287,545.5893301699796,538.2297618673269,539.0147705078125,818437,9.471354252465517,7.324565436986173
2023-04-11 00:00:00+05:30,LICI.NS,539.7997265140594,544.853320212715,539.0147179501176,540.1922607421875,659636,9.492044644916316,7.34056611961119
2023-04-12 00:00:00+05:30,LICI.NS,542.3511320952764,543.5286750021648,538.7203997541704,539.0147705078125,682171,9.471354252465517,7.324565436986173
2023-04-13 00:00:00+05:30,LICI.NS,539.6035835267191,543.0871006198547,537.9354026970661,540.6339111328125,562523,9.499805150813785,7.346567619687627
2023-04-17 00:00:00+05:30,LICI.NS,540.6339081947103,541.0263825751113,533.8140294793318,534.4027709960938,947673,9.390314022071584,7.261893884985646
2023-04-18 00:00:00+05:30,LICI.NS,535.8746302560243,541.9585515113969,535.8746302560243,538.1806640625,612736,9.456697664074856,7.313230928964533
2023-04-19 00:00:00+05:30,LICI.NS,538.7204013555724,539.7016771321764,534.7952982491565,536.2672119140625,482728,9.4230752400995,7.287229405001528
2023-04-20 00:00:00+05:30,LICI.NS,537.4938434009819,545.7856362589324,536.2181967826028,541.566162109375,731513,9.51618629607055,7.35923579439292
2023-04-21 00:00:00+05:30,LICI.NS,540.2904901773852,540.2904901773852,534.8934726914813,537.7391967773438,655602,9.448940375634226,7.307231917072207
2023-04-24 00:00:00+05:30,LICI.NS,538.6223381491029,543.4305538798433,537.2485280018486,539.1129760742188,446849,9.473079881817235,7.325899933064529
2023-04-25 00:00:00+05:30,LICI.NS,540.6830262707207,545.5894058194568,536.954189792147,538.0335693359375,987652,9.454112973746925,7.311232087728461
2023-04-26 00:00:00+05:30,LICI.NS,538.0334640803782,540.0450673233642,536.8068694331531,537.4937744140625,498401,9.444627910983352,7.303896920968372
2023-04-27 00:00:00+05:30,LICI.NS,537.7390999344685,542.6945303915326,532.8327212854315,535.482177734375,1151408,9.409280930141891,7.276561730321714
2023-04-28 00:00:00+05:30,LICI.NS,538.2297666079661,542.4492404935206,536.3162668539586,539.6035766601562,1231240,9.48170052117653,7.332566607693385
2023-05-02 00:00:00+05:30,LICI.NS,541.6642321770515,544.2155252557397,538.9166719633132,539.750732421875,1224198,9.484286283990073,7.334566278324161
2023-05-03 00:00:00+05:30,LICI.NS,540.6338928182616,542.547392531797,539.7016688663014,541.0263671875,856689,9.506701233306977,7.35190062763283
2023-05-04 00:00:00+05:30,LICI.NS,541.6642488665492,555.9908517818151,538.8185250514445,542.1058349609375,4283342,9.525669213862898,7.366569302363602
2023-05-05 00:00:00+05:30,LICI.NS,542.154916776729,554.7642877167779,541.3208562463105,549.5635375976562,2503952,9.656713013488952,7.467910553032426
2023-05-08 00:00:00+05:30,LICI.NS,552.4583112103043,556.3834146647291,551.477035346698,552.1639404296875,1104965,9.702406263041425,7.503246914386295
2023-05-09 00:00:00+05:30,LICI.NS,553.8811568615972,555.8437085309502,545.5403122668473,546.9140625,1015395,9.610157485503427,7.43190735833673
2023-05-10 00:00:00+05:30,LICI.NS,548.2878147433061,549.8087801480231,544.7061343679217,547.3555908203125,589178,9.61791584642967,7.437907199623759
2023-05-11 00:00:00+05:30,LICI.NS,549.4653999205287,553.1451841955225,548.5331759257325,550.4957275390625,680822,9.673093086260105,7.480577898343015
2023-05-12 00:00:00+05:30,LICI.NS,550.4957547935022,553.881168472569,547.0612893001381,551.5751342773438,892781,9.692059994330412,7.495245743679083
2023-05-15 00:00:00+05:30,LICI.NS,553.439559553386,562.2710418866847,550.6919992503797,557.021240234375,2164688,9.787756813115006,7.56925180370125
2023-05-16 00:00:00+05:30,LICI.NS,558.3458759593543,563.7919441418304,555.794583084129,556.8739624023438,902155,9.785168905330236,7.567250474281067
2023-05-17 00:00:00+05:30,LICI.NS,557.3647186814693,560.2594946037913,555.3040632207404,559.3272705078125,862004,9.82827746455478,7.600587994398865
2023-05-18 00:00:00+05:30,LICI.NS,561.2897284975029,566.0488919238147,556.3833497518954,557.5118408203125,964354,9.796377452474301,7.575918478330106
2023-05-19 00:00:00+05:30,LICI.NS,559.3272164943999,559.3762683068559,551.575113572022,554.4208374023438,515091,9.742063563562533,7.53391544234738
2023-05-22 00:00:00+05:30,LICI.NS,558.3459233800054,568.453052018086,556.0890010460372,566.686767578125,1506327,9.957595634829117,7.7005947489893325
2023-05-23 00:00:00+05:30,LICI.NS,570.1212774658192,583.3685016410146,570.0231738362666,579.0999755859375,2726826,10.17571561388047,7.869275385051467
2023-05-24 00:00:00+05:30,LICI.NS,583.0250430721646,592.8868529267528,580.9643279477755,582.7797241210938,2488874,10.240374699017638,7.919278762346701
2023-05-25 00:00:00+05:30,LICI.NS,595.6343962645998,603.9752403638569,589.7467416063006,592.2980346679688,5187933,10.407626685432591,8.048621207609305
2023-05-26 00:00:00+05:30,LICI.NS,597.2044595364587,598.7745368349647,591.8074423507642,592.9849853515625,1195590,10.419697511009709,8.05795604500017
2023-05-29 00:00:00+05:30,LICI.NS,598.5782762248203,598.6763798541565,592.0037159665088,593.8681640625,1131333,10.435216377833422,8.069957386363637
2023-05-30 00:00:00+05:30,LICI.NS,594.1625265892451,595.094750624291,588.2748714950494,589.648681640625,720683,10.361073302418292,8.012619671703016
2023-05-31 00:00:00+05:30,LICI.NS,588.2258218441415,588.2258218441415,581.8965806161417,584.00634765625,720695,10.261928442387102,7.935947107708248
2023-06-01 00:00:00+05:30,LICI.NS,583.8591659438663,589.2561834441877,582.8288382177251,585.9689331054688,694568,10.296414217281125,7.962616294407782
2023-06-02 00:00:00+05:30,LICI.NS,587.8823090310993,590.1392912895947,584.9384816250501,585.6744384765625,507824,10.291239474197198,7.958614464962121
2023-06-05 00:00:00+05:30,LICI.NS,587.2935862237733,590.7280516402867,584.7913448273499,585.4291381835938,641136,10.28692915451755,7.955281127647693
2023-06-06 00:00:00+05:30,LICI.NS,586.8520490187062,588.5202300527613,584.8404453713143,586.5576782226562,480880,10.306759413506525,7.970616635720291
2023-06-07 00:00:00+05:30,LICI.NS,587.7842964610671,593.6719521852181,586.3123825300294,590.0902709960938,809884,10.36883273583015,8.01862034238475
2023-06-08 00:00:00+05:30,LICI.NS,591.0714801266801,598.9707985773921,591.0224283129907,592.1018676757812,1424334,10.40417971667161,8.045955533031407
2023-06-09 00:00:00+05:30,LICI.NS,593.6718955088692,595.6344472295597,589.1089388013336,590.6790161132812,660925,10.37917793205555,8.026620683697258
2023-06-12 00:00:00+05:30,LICI.NS,587.587899042796,590.2373555098325,583.9081150308893,585.8706665039062,803879,10.294687515443794,7.961280968934722
2023-06-13 00:00:00+05:30,LICI.NS,586.5085532617292,589.5014324509309,586.5085532617292,587.6860961914062,400863,10.326587527524271,7.985950485003482
2023-06-14 00:00:00+05:30,LICI.NS,588.6673927497769,590.6299444043622,584.1044361959368,584.8403930664062,644399,10.27658395829215,7.947280786335185
2023-06-15 00:00:00+05:30,LICI.NS,584.8403758799388,593.6228062545869,583.9081518929411,585.23291015625,847451,10.283481113270955,7.952614623675092
2023-06-16 00:00:00+05:30,LICI.NS,585.2328832769791,595.3400115584021,585.2328832769791,593.1321411132812,1405526,10.422283273823252,8.059955715630945
2023-06-19 00:00:00+05:30,LICI.NS,593.6718826735078,609.3232442860923,592.2490207283047,606.7228393554688,2500627,10.661093645325405,8.244637034318096
2023-06-20 00:00:00+05:30,LICI.NS,608.3910595765504,620.6570083583358,607.4588354906692,618.5472412109375,3041047,10.868867355665746,8.405316499673019
2023-06-21 00:00:00+05:30,LICI.NS,624.6802537657483,627.7712970045321,621.1967360773665,624.1405639648438,1580109,10.967151009749495,8.481323059720665
2023-06-22 00:00:00+05:30,LICI.NS,625.955876655392,641.7543935801763,624.729281866439,629.7337646484375,3120722,11.06543251886202,8.557327960978903
2023-06-23 00:00:00+05:30,LICI.NS,630.9603690959267,634.7873688529718,611.0895332107128,613.2483520507812,1538801,10.775757372180307,8.33331093967633
2023-06-26 00:00:00+05:30,LICI.NS,613.2483939225647,614.0824544918394,602.2090398992491,604.3678588867188,946727,10.619712860423805,8.212635669068062
2023-06-27 00:00:00+05:30,LICI.NS,604.7602776159415,608.881648050185,600.2954846006458,605.2509155273438,975533,10.635229582276292,8.224635351642121
2023-06-28 00:00:00+05:30,LICI.NS,606.4284396263861,611.0894996396956,603.484612249559,608.3909912109375,1156188,10.690405749621114,8.267305220966673
2023-06-30 00:00:00+05:30,LICI.NS,610.4515877669982,621.63815468109,608.5871998761932,620.4115600585938,1371193,10.901626428722436,8.430650360899493
2023-07-03 00:00:00+05:30,LICI.NS,623.1100869318008,625.906698798111,616.2411568396392,617.271484375,888170,10.846450261377614,8.387980491574941
2023-07-04 00:00:00+05:30,LICI.NS,618.9397671331889,620.9023189116532,612.6105256691759,614.1806030273438,625593,10.792138517437072,8.345979114381624
2023-07-05 00:00:00+05:30,LICI.NS,614.278630576573,617.7130957635028,613.2973548088789,615.0145874023438,569014,10.806792960856507,8.357311963613856
2023-07-06 00:00:00+05:30,LICI.NS,613.3955071597229,619.5284811950437,612.3161276864362,616.1431274414062,624168,10.82662321984548,8.372647471686456
2023-07-07 00:00:00+05:30,LICI.NS,614.7692601413357,618.8906302883447,609.6175624306541,610.9422607421875,711064,10.735235648254921,8.301973919584013
2023-07-10 00:00:00+05:30,LICI.NS,611.3348289767358,612.0217340214663,605.4471741230273,606.9681396484375,791576,10.665403965005053,8.247970371632524
2023-07-11 00:00:00+05:30,LICI.NS,611.3348305498927,618.1056576060098,608.9797446454199,610.1572875976562,608461,10.721442410782926,8.291307074298903
2023-07-12 00:00:00+05:30,LICI.NS,611.4329254945125,612.3160976692333,606.4284428839521,608.8325805664062,523272,10.69816518303297,8.273305891648405
2023-07-13 00:00:00+05:30,LICI.NS,609.3722584365463,612.7086200403091,602.7486469318013,604.1715087890625,802085,10.616262674205984,8.209967506306054
2023-07-14 00:00:00+05:30,LICI.NS,605.3000211116165,608.3910641849716,604.2696933846076,607.1154174804688,534996,10.667991872789822,8.249971701052708
2023-07-17 00:00:00+05:30,LICI.NS,605.937808235391,613.2973767564687,605.937808235391,609.274169921875,711158,10.705924616444825,8.27930656233014
2023-07-18 00:00:00+05:30,LICI.NS,612.3161402732806,614.2296401900998,606.4284850783451,609.0779418945312,701393,10.702476575198231,8.276640058357538
2023-07-19 00:00:00+05:30,LICI.NS,610.2554614826456,611.7273752248688,607.9003755381592,608.7344360351562,501945,10.696440626166865,8.271972224964754
2023-07-20 00:00:00+05:30,LICI.NS,612.8265011199575,620.665564940868,610.4106806717899,619.4822998046875,1166529,10.885297835260719,8.418022826534685
2023-07-21 00:00:00+05:30,LICI.NS,620.9684587449386,636.9695050458457,617.7484388152681,629.8854370117188,2019022,11.068097645610944,8.559389006817756
2023-07-24 00:00:00+05:30,LICI.NS,629.8854780017286,634.0962735683937,619.2346421566345,620.8694458007812,927514,10.909672215793028,8.436872479967132
2023-07-25 00:00:00+05:30,LICI.NS,620.9684934469861,624.9811217968521,615.3210614679999,617.3026123046875,671845,10.84699722904037,8.388403482873862
2023-07-26 00:00:00+05:30,LICI.NS,618.8383365834885,624.7829894247213,618.0457282990845,622.157470703125,651954,10.932304879689422,8.454375196400665
2023-07-27 00:00:00+05:30,LICI.NS,622.1079201770061,629.4396221168703,622.1079201770061,624.4362182617188,705149,10.972346130060073,8.485340647665698
2023-07-28 00:00:00+05:30,LICI.NS,624.1884646817037,627.6066517017672,618.7392003074983,620.9684448242188,646004,10.91141178745772,8.438217758176638
2023-07-31 00:00:00+05:30,LICI.NS,621.2161989275858,635.483389407599,621.2161989275858,634.0467529296875,1469797,11.141218642236646,8.61593630832569
2023-08-01 00:00:00+05:30,LICI.NS,638.0593379592748,644.6975450293639,634.0962364812669,641.2793579101562,1987633,11.268307114921038,8.714218751327031
2023-08-02 00:00:00+05:30,LICI.NS,642.0225123355264,653.6641242490177,628.1516555875365,635.3347778320312,2568000,11.16385130613304,8.633439024759223
2023-08-03 00:00:00+05:30,LICI.NS,635.3842888449302,642.9637452841913,635.0870683020863,638.6043090820312,1008085,11.221302215463561,8.677868040250459
2023-08-04 00:00:00+05:30,LICI.NS,640.1895461950618,658.8656382173323,640.1895461950618,652.4255981445312,2593055,11.464164437612569,8.86568281212843
2023-08-07 00:00:00+05:30,LICI.NS,653.0200482265614,658.7665939794897,647.0258690933845,649.5028076171875,1110788,11.412806319050915,8.825965587949279
2023-08-08 00:00:00+05:30,LICI.NS,649.8991724995338,653.0696660533653,634.6412062872961,637.712646484375,1157301,11.205634273139607,8.665751413023168
2023-08-09 00:00:00+05:30,LICI.NS,639.3474104154744,641.0317408397744,635.087087910812,638.0098876953125,672748,11.21085727807613,8.6697905652305
2023-08-10 00:00:00+05:30,LICI.NS,639.5455129934876,643.0132268517017,633.7990278371589,635.7805786132812,634420,11.17168474105221,8.639496923675516
2023-08-11 00:00:00+05:30,LICI.NS,659.8564154486613,672.7364956300917,649.0569394153788,653.7631225585938,5254644,11.487666887341307,8.883858167666718
2023-08-14 00:00:00+05:30,LICI.NS,653.9118184372525,655.2493411497468,642.072039327181,649.7505493164062,1215416,11.417159538155092,8.829332101051858
2023-08-16 00:00:00+05:30,LICI.NS,648.4624961174402,648.4624961174402,642.3692032484927,643.2609252929688,701542,11.30312643284078,8.741145879779436
2023-08-17 00:00:00+05:30,LICI.NS,644.4498568672205,655.8933003914059,644.0039958525889,653.5650024414062,1191732,11.484185599040702,8.881165952458298
2023-08-18 00:00:00+05:30,LICI.NS,653.3173357496039,654.9025522318112,644.0040226182713,644.796630859375,752476,11.330111243355738,8.762014279920844
2023-08-21 00:00:00+05:30,LICI.NS,645.093853736721,649.800036996046,644.4994126717646,646.1342163085938,566994,11.35361476557009,8.780190464853835
2023-08-22 00:00:00+05:30,LICI.NS,647.7689499622827,660.8967241244904,646.1342068215888,657.7758178710938,1786271,11.558176381498749,8.938385893070985
2023-08-23 00:00:00+05:30,LICI.NS,659.5591729831474,661.7388908819223,651.9301905734997,652.57421875,813337,11.46677594008083,8.867702388232097
2023-08-24 00:00:00+05:30,LICI.NS,654.5557643520887,660.0050288202607,647.9670840335384,649.4532470703125,606670,11.411935460732956,8.825292119449824
2023-08-25 00:00:00+05:30,LICI.NS,647.9671068176935,651.7320412154803,639.0501282835052,642.3692016601562,698906,11.287457418031213,8.729028423157443
2023-08-28 00:00:00+05:30,LICI.NS,643.756328764298,651.385311588213,643.1618877015026,649.1560668945312,731456,11.406713528282047,8.821253796637196
2023-08-29 00:00:00+05:30,LICI.NS,649.1560825128346,654.4071802676409,644.4994258351255,645.8865356445312,489634,11.349262618951524,8.77682478114596
2023-08-30 00:00:00+05:30,LICI.NS,647.9671110453619,649.8000213449405,644.2517032985422,645.0443115234375,574588,11.334463389974303,8.76537996362872
2023-08-31 00:00:00+05:30,LICI.NS,645.3415301268099,649.4037455345135,637.118106432766,639.3473510742188,710410,11.234358655319255,8.687965091374082
2023-09-01 00:00:00+05:30,LICI.NS,639.347412859977,643.4096286602482,639.0997189869898,639.7932739257812,793487,11.242194235209652,8.694024649079783
2023-09-04 00:00:00+05:30,LICI.NS,641.0316876823711,657.8748695843808,641.0316876823711,652.524658203125,2492988,11.465905081762871,8.86702891973264
2023-09-05 00:00:00+05:30,LICI.NS,653.9117431640625,662.8782481539317,653.0200211436234,653.9117431640625,1878186,11.490278389809568,8.885877743770383
2023-09-06 00:00:00+05:30,LICI.NS,655.7446804892129,684.6258078606079,655.0511860803737,671.7457275390625,5680338,11.803650106116017,9.128220241052622
2023-09-07 00:00:00+05:30,LICI.NS,673.9254356166775,680.4645290333042,668.3770571226894,669.8632202148438,1684464,11.770571432346578,9.102639220204425
2023-09-08 00:00:00+05:30,LICI.NS,677.6903881243688,678.4829963669299,666.9900256694632,667.9312744140625,1578942,11.736624045230409,9.076386389646181
2023-09-11 00:00:00+05:30,LICI.NS,671.3989614913057,678.5820830074907,669.714631248257,672.7860107421875,1592447,11.821929550908234,9.142356444383578
2023-09-12 00:00:00+05:30,LICI.NS,677.0959176744816,677.0959176744816,652.3760598930985,653.5650024414062,1594449,11.484185599040702,8.881165952458298
2023-09-13 00:00:00+05:30,LICI.NS,653.9612822239903,660.7976565844918,648.5120175944149,653.2182006835938,890096,11.47809173578622,8.876453331751511
2023-09-14 00:00:00+05:30,LICI.NS,656.8345981494267,659.8564511842973,653.3173573884418,654.7044067382812,847932,11.504206760468833,8.896649092788167
2023-09-15 00:00:00+05:30,LICI.NS,656.4382399272774,665.1075248192703,652.5246649387512,661.3425903320312,1743786,11.620850295765793,8.98685406076955
2023-09-18 00:00:00+05:30,LICI.NS,661.3426324810943,665.6029549479684,655.5961467951614,657.5776977539062,732801,11.554695093198143,8.935693677862567
2023-09-20 00:00:00+05:30,LICI.NS,653.9117776017322,659.70778962344,647.0754030106792,649.6019287109375,1074642,11.414548035686831,8.827312524948193
2023-09-21 00:00:00+05:30,LICI.NS,649.4037459718153,653.4659009101232,647.9671095519299,648.5120239257812,652802,11.395396660091043,8.812502023723077
2023-09-22 00:00:00+05:30,LICI.NS,649.8991833591913,653.7136447399221,643.0132817300586,645.2920532226562,695541,11.33881660907848,8.768746476731298
2023-09-25 00:00:00+05:30,LICI.NS,644.0040099241943,646.9763361238444,639.5455206247191,640.6849365234375,651991,11.257862177533607,8.706141276307072
2023-09-26 00:00:00+05:30,LICI.NS,641.8738227463914,643.8553735588796,638.0593616212043,639.0006103515625,414742,11.228265864550387,8.683253300061999
2023-09-27 00:00:00+05:30,LICI.NS,639.0501370274484,643.8553735588796,638.0593616212043,639.0006103515625,531459,11.228265864550387,8.683253300061999
2023-09-28 00:00:00+05:30,LICI.NS,640.0408865161859,645.9855387129306,637.1180870916938,644.3012084960938,923774,11.321405877632996,8.75528208311039
2023-09-29 00:00:00+05:30,LICI.NS,644.3012620584925,646.8277273577147,640.8830746667759,643.75634765625,873339,11.311831798563523,8.74787807658989
2023-10-03 00:00:00+05:30,LICI.NS,642.1215441049821,643.5581806000047,638.5547766785638,639.3969116210938,470219,11.235229513637213,8.688638559873539
2023-10-04 00:00:00+05:30,LICI.NS,637.0685543185114,638.0593296751498,628.2011027821716,631.5697631835938,694550,11.097693958594162,8.582276983062831
2023-10-05 00:00:00+05:30,LICI.NS,633.2045881453097,636.0778612400774,630.6285960736905,631.8670654296875,396155,11.102918036016298,8.586316964664865
2023-10-06 00:00:00+05:30,LICI.NS,632.1642547779796,640.0409315877666,632.1642547779796,638.4061279296875,626615,11.217819854677343,8.675174995647335
2023-10-09 00:00:00+05:30,LICI.NS,633.3036847046478,633.3532113831096,624.2875917556082,629.4396362304688,718556,11.060264210691773,8.553331107901464
2023-10-10 00:00:00+05:30,LICI.NS,629.4891158512476,635.0374942833014,628.8451481351143,629.6377563476562,481417,11.063745498992379,8.556023323109882
2023-10-11 00:00:00+05:30,LICI.NS,632.2137847057412,636.0778331144488,630.7276215442588,631.470703125,653919,11.09595331444386,8.580930875458622
2023-10-12 00:00:00+05:30,LICI.NS,632.1146974440414,638.2575169430962,630.3313138403496,631.421142578125,1325826,11.095082456125901,8.580257406959165
2023-10-13 00:00:00+05:30,LICI.NS,630.1331769458784,633.1055032522269,628.1516260749794,628.795654296875,615655,11.048948414986382,8.54458016438205
2023-10-16 00:00:00+05:30,LICI.NS,628.7956444579461,634.7898236541963,628.7956444579461,631.2725830078125,1139234,11.092472026143254,8.578238660250204
2023-10-17 00:00:00+05:30,LICI.NS,633.4522514437258,645.8369444059645,633.3531980888814,643.21142578125,1103994,11.302256647008434,8.740473240674683
2023-10-18 00:00:00+05:30,LICI.NS,643.211406512902,644.9947901516138,628.6469959311811,630.7276000976562,875559,11.082895802102552,8.570832994940293
2023-10-19 00:00:00+05:30,LICI.NS,628.6469866356379,635.0870266878547,626.7644892007528,628.8451538085938,657460,11.049818200818727,8.545252803486802
2023-10-20 00:00:00+05:30,LICI.NS,628.5975077738071,631.9165814027888,627.953479530746,629.0928955078125,654219,11.054171419922906,8.54861931658938
2023-10-23 00:00:00+05:30,LICI.NS,629.0928416672116,630.826698587839,609.4755011739675,611.7542724609375,1105408,10.749503996853585,8.31300818672289
2023-10-25 00:00:00+05:30,LICI.NS,614.2807825005846,617.8475499520566,602.9363914390098,605.413330078125,1094888,10.638083466493148,8.226842370948837
2023-10-26 00:00:00+05:30,LICI.NS,604.2243650106482,606.8499440595139,591.8396722747398,599.4191284179688,1084441,10.532755726901577,8.14538834648687
2023-10-27 00:00:00+05:30,LICI.NS,602.3914165850216,607.097599527092,600.5089192193419,601.0538940429688,617526,10.561481181566839,8.167602854232488
2023-10-30 00:00:00+05:30,LICI.NS,601.0042893459727,603.5308148082667,597.0907751808741,598.62646484375,465617,10.518827356242314,8.134616997469085
2023-10-31 00:00:00+05:30,LICI.NS,600.9053147356755,603.9271677854263,594.6634414503254,596.6945190429688,536471,10.484879969126142,8.10836416691084
2023-11-01 00:00:00+05:30,LICI.NS,598.2797322961316,602.2428341027721,593.4744955444336,594.4652709960938,549716,10.445708504587836,8.078071354750561
2023-11-02 00:00:00+05:30,LICI.NS,598.2302417111458,603.4318131461894,596.7440784439906,600.6576538085938,741948,10.554518604965626,8.16221842381565
2023-11-03 00:00:00+05:30,LICI.NS,602.3914523275821,604.6702236876844,601.4006769125697,602.4409790039062,418848,10.585854489613535,8.18645167827023
2023-11-06 00:00:00+05:30,LICI.NS,604.2739686670291,608.2370704507849,603.8776342997998,605.7601318359375,580132,10.64417732974763,8.231554991655626
2023-11-07 00:00:00+05:30,LICI.NS,606.3545309261285,608.237028331908,604.5216206669195,605.1655883789062,453744,10.63373024738897,8.223475857846259
2023-11-08 00:00:00+05:30,LICI.NS,606.354555013043,609.8717956478588,605.3637795963549,607.6920776367188,744275,10.678124716863799,8.25780782221387
2023-11-09 00:00:00+05:30,LICI.NS,608.3361148938194,611.5066083688001,607.7416738238188,609.1287231445312,393625,10.703368883228453,8.27733011475107
2023-11-10 00:00:00+05:30,LICI.NS,608.583829399212,613.8844539483079,602.490536100378,604.6207275390625,671906,10.624156168319496,8.216071851325758
2023-11-13 00:00:00+05:30,LICI.NS,599.4191359002134,600.9052990470734,592.7314017393433,599.9640502929688,1079051,10.542330878456665,8.152793182402075
2023-11-15 00:00:00+05:30,LICI.NS,601.5988490065344,605.363783519924,600.5089597578343,601.2025146484375,840602,10.5640926840351,8.169622430336153
2023-11-16 00:00:00+05:30,LICI.NS,602.2428069248731,607.2462711076691,598.6760396487107,603.679443359375,1367472,10.60761629519197,8.203280926204307
2023-11-17 00:00:00+05:30,LICI.NS,603.6794180508332,613.0917840222429,603.1345036942827,608.9801025390625,1177051,10.700757380760193,8.275310538647403
2023-11-20 00:00:00+05:30,LICI.NS,608.9801322579798,610.1194877005273,604.3234757188695,606.3545532226562,502409,10.65462226713506,8.239632466675584
2023-11-21 00:00:00+05:30,LICI.NS,607.345313601198,610.0204192465592,604.3729874334923,605.2647094726562,718571,10.635471964024886,8.224822794845172
2023-11-22 00:00:00+05:30,LICI.NS,605.3637661223049,607.4939574096237,602.094219414434,603.134521484375,600947,10.598041143636884,8.1958760902891
2023-11-23 00:00:00+05:30,LICI.NS,603.6298892227252,622.2069272578931,602.3914200203806,612.001953125,736051,10.75385614347215,8.316373870430764
2023-11-24 00:00:00+05:30,LICI.NS,615.2220084695157,675.7088356998322,614.8256741130967,671.3989868164062,18997036,11.79755731534715,9.12350844974054
2023-11-28 00:00:00+05:30,LICI.NS,674.7180411977807,688.0935089748293,664.9093406390929,668.079833984375,8034353,11.739234475213056,9.078405136355142
2023-11-29 00:00:00+05:30,LICI.NS,670.7549701654717,685.6166017053271,665.8506196628928,674.6190185546875,3497491,11.854138438845327,9.16726482612702
2023-11-30 00:00:00+05:30,LICI.NS,675.708811015395,692.5519925216439,670.7549341017924,673.2318725585938,4305902,11.829764058313017,9.148415172694575
2023-12-01 00:00:00+05:30,LICI.NS,678.6811516821376,681.0590368403875,660.995834911098,664.7112426757812,1616633,11.680042921732232,9.032630013259698
2023-12-04 00:00:00+05:30,LICI.NS,673.7272531565109,720.9872505091214,673.7272531565109,712.3674926757812,13408726,12.517439688557042,9.680221397958707
2023-12-05 00:00:00+05:30,LICI.NS,713.3582602608172,720.1946344438351,696.1187447823293,707.463134765625,5078973,12.431262252075646,9.61357704532715
2023-12-06 00:00:00+05:30,LICI.NS,713.308781435044,743.8741791979347,707.413655544414,739.1184692382812,9601936,12.987497263016715,10.043735143882065
2023-12-07 00:00:00+05:30,LICI.NS,741.0009256472848,792.620298391157,730.1023965444064,778.2045288085938,15595341,13.674302034942784,10.574867900646742
2023-12-08 00:00:00+05:30,LICI.NS,782.7125589086635,795.9889733372323,762.897051088191,765.324462890625,6927164,13.447978613435689,10.399843224495514
2023-12-11 00:00:00+05:30,LICI.NS,767.8509462052236,776.4211777291413,760.9155183040151,763.8383178710938,2160731,13.42186466123869,10.379648292853563
2023-12-12 00:00:00+05:30,LICI.NS,762.89704650744,791.6295326746033,762.89704650744,784.4464111328125,5822501,13.783981921152918,10.659687608816585
2023-12-13 00:00:00+05:30,LICI.NS,788.1618253503674,803.2711500978131,788.1618253503674,797.6237182617188,5973611,14.015528347596534,10.838751437175143
2023-12-14 00:00:00+05:30,LICI.NS,803.5188189672934,812.4357972295692,799.7538846843139,807.7296142578125,4007659,14.193105153010237,10.976078465250882
2023-12-15 00:00:00+05:30,LICI.NS,808.4727769335491,811.3460499619954,784.6941658472682,788.805908203125,2964146,13.860585278564841,10.71892795492764
